symbol,type,entry_time,exit_time,entry_price,exit_price,gross_pnl,fees,net_pnl,result,bars_held,position_size,leverage
AVAAIUSDT,SHORT,2025-12-15 05:27:00+00:00,2025-12-15 06:45:00+00:00,0.008819,0.00890719,-10.000000000000016,1.2,-11.200000000000015,LOSS,26,100.0,10
AVAAIUSDT,SHORT,2025-12-15 08:51:00+00:00,2025-12-15 10:15:00+00:00,0.008973,0.00879354,19.999999999999925,1.2,18.799999999999926,WIN,28,100.0,10
AVAAIUSDT,SHORT,2025-12-15 09:42:00+00:00,2025-12-15 11:06:00+00:00,0.008876,0.00896476,-10.000000000000027,1.2,-11.200000000000026,LOSS,28,100.0,10
AVAAIUSDT,SHORT,2025-12-15 10:57:00+00:00,2025-12-15 11:03:00+00:00,0.008807,0.008895070000000001,-10.000000000000098,1.2,-11.200000000000097,LOSS,2,100.0,10
AVAAIUSDT,SHORT,2025-12-15 11:00:00+00:00,2025-12-15 11:03:00+00:00,0.008832,0.008920319999999999,-9.999999999999929,1.2,-11.199999999999928,LOSS,1,100.0,10
AVAAIUSDT,SHORT,2025-12-15 15:36:00+00:00,2025-12-15 15:42:00+00:00,0.009354,0.009447539999999999,-9.999999999999957,1.2,-11.199999999999957,LOSS,2,100.0,10
AVAAIUSDT,SHORT,2025-12-15 21:09:00+00:00,2025-12-15 22:27:00+00:00,0.009447,0.00925806,20.00000000000003,1.2,18.80000000000003,WIN,26,100.0,10
AVAAIUSDT,SHORT,2025-12-15 21:33:00+00:00,2025-12-15 22:42:00+00:00,0.009435,0.0092463,19.999999999999996,1.2,18.799999999999997,WIN,23,100.0,10
AVAAIUSDT,SHORT,2025-12-16 01:36:00+00:00,2025-12-16 02:06:00+00:00,0.00936,0.0094536,-9.999999999999918,1.2,-11.199999999999918,LOSS,10,100.0,10
AVAAIUSDT,SHORT,2025-12-16 05:36:00+00:00,2025-12-16 06:06:00+00:00,0.009416,0.00951016,-9.999999999999934,1.2,-11.199999999999934,LOSS,10,100.0,10
AVAAIUSDT,SHORT,2025-12-16 05:39:00+00:00,2025-12-16 06:06:00+00:00,0.009429,0.00952329,-10.000000000000036,1.2,-11.200000000000035,LOSS,9,100.0,10
AVAAIUSDT,SHORT,2025-12-16 10:27:00+00:00,2025-12-16 10:45:00+00:00,0.009721,0.00981821,-10.000000000000036,1.2,-11.200000000000035,LOSS,6,100.0,10
AVAAIUSDT,SHORT,2025-12-16 10:30:00+00:00,2025-12-16 10:42:00+00:00,0.009691,0.00978791,-10.000000000000043,1.2,-11.200000000000042,LOSS,4,100.0,10
AVAAIUSDT,SHORT,2025-12-16 14:57:00+00:00,2025-12-16 15:00:00+00:00,0.012848,0.01297648,-10.00000000000002,1.2,-11.200000000000019,LOSS,1,100.0,10
AVAAIUSDT,SHORT,2025-12-16 16:06:00+00:00,2025-12-16 16:15:00+00:00,0.012169,0.01192562,19.99999999999997,1.2,18.799999999999972,WIN,3,100.0,10
AVAAIUSDT,SHORT,2025-12-16 18:09:00+00:00,2025-12-16 18:30:00+00:00,0.011164,0.01094072,20.000000000000092,1.2,18.800000000000093,WIN,7,100.0,10
AVAAIUSDT,SHORT,2025-12-16 18:12:00+00:00,2025-12-16 18:30:00+00:00,0.011184,0.010960319999999999,20.00000000000004,1.2,18.80000000000004,WIN,6,100.0,10
AVAAIUSDT,SHORT,2025-12-16 22:57:00+00:00,2025-12-16 23:06:00+00:00,0.011424,0.01119552,19.999999999999968,1.2,18.79999999999997,WIN,3,100.0,10
AVAAIUSDT,SHORT,2025-12-16 23:15:00+00:00,2025-12-16 23:45:00+00:00,0.011581,0.01169681,-10.00000000000008,1.2,-11.20000000000008,LOSS,10,100.0,10
AVAAIUSDT,SHORT,2025-12-16 23:18:00+00:00,2025-12-16 23:45:00+00:00,0.011561,0.01167661,-10.000000000000032,1.2,-11.200000000000031,LOSS,9,100.0,10
AVAAIUSDT,SHORT,2025-12-17 03:21:00+00:00,2025-12-17 03:36:00+00:00,0.011682,0.01144836,20.00000000000002,1.2,18.800000000000022,WIN,5,100.0,10
AVAAIUSDT,SHORT,2025-12-17 03:24:00+00:00,2025-12-17 03:30:00+00:00,0.011765,0.011529699999999999,20.000000000000068,1.2,18.800000000000068,WIN,2,100.0,10
AVAAIUSDT,SHORT,2025-12-17 03:42:00+00:00,2025-12-17 04:18:00+00:00,0.011476,0.01124648,20.000000000000036,1.2,18.800000000000036,WIN,12,100.0,10
AVAAIUSDT,SHORT,2025-12-17 03:48:00+00:00,2025-12-17 04:00:00+00:00,0.011538,0.01130724,20.0,1.2,18.8,WIN,4,100.0,10
SWARMSUSDT,LONG,2025-12-15 13:45:00+00:00,2025-12-15 13:48:00+00:00,0.0157,0.016014,20.000000000000114,1.2,18.800000000000114,WIN,1,100.0,10
SWARMSUSDT,SHORT,2025-12-15 15:03:00+00:00,2025-12-15 15:06:00+00:00,0.01618,0.0158564,20.000000000000018,1.2,18.80000000000002,WIN,1,100.0,10
SWARMSUSDT,SHORT,2025-12-15 22:42:00+00:00,2025-12-15 22:54:00+00:00,0.01472,0.0148672,-10.000000000000007,1.2,-11.200000000000006,LOSS,4,100.0,10
SWARMSUSDT,SHORT,2025-12-15 22:51:00+00:00,2025-12-15 22:54:00+00:00,0.0147,0.014846999999999999,-9.999999999999972,1.2,-11.19999999999997,LOSS,1,100.0,10
SWARMSUSDT,SHORT,2025-12-16 02:15:00+00:00,2025-12-16 02:33:00+00:00,0.0161,0.016261,-10.000000000000089,1.2,-11.200000000000088,LOSS,6,100.0,10
SWARMSUSDT,SHORT,2025-12-16 02:18:00+00:00,2025-12-16 02:33:00+00:00,0.01609,0.0162509,-9.99999999999991,1.2,-11.199999999999909,LOSS,5,100.0,10
SWARMSUSDT,SHORT,2025-12-16 02:21:00+00:00,2025-12-16 02:30:00+00:00,0.01602,0.0161802,-9.99999999999995,1.2,-11.19999999999995,LOSS,3,100.0,10
SWARMSUSDT,SHORT,2025-12-16 04:18:00+00:00,2025-12-16 04:39:00+00:00,0.01457,0.0147157,-10.000000000000025,1.2,-11.200000000000024,LOSS,7,100.0,10
SWARMSUSDT,SHORT,2025-12-16 04:24:00+00:00,2025-12-16 04:39:00+00:00,0.01459,0.014735900000000001,-10.00000000000006,1.2,-11.20000000000006,LOSS,5,100.0,10
SWARMSUSDT,SHORT,2025-12-16 13:45:00+00:00,2025-12-16 13:48:00+00:00,0.01858,0.0187658,-9.999999999999993,1.2,-11.199999999999992,LOSS,1,100.0,10
SWARMSUSDT,SHORT,2025-12-16 13:48:00+00:00,2025-12-16 13:57:00+00:00,0.01872,0.0183456,20.00000000000002,1.2,18.800000000000022,WIN,3,100.0,10
SWARMSUSDT,SHORT,2025-12-16 14:15:00+00:00,2025-12-16 14:21:00+00:00,0.01857,0.0187557,-10.000000000000025,1.2,-11.200000000000024,LOSS,2,100.0,10
SWARMSUSDT,SHORT,2025-12-16 14:18:00+00:00,2025-12-16 14:21:00+00:00,0.01869,0.0188769,-10.000000000000014,1.2,-11.200000000000014,LOSS,1,100.0,10
SWARMSUSDT,SHORT,2025-12-16 18:12:00+00:00,2025-12-16 18:15:00+00:00,0.01956,0.0197556,-10.000000000000032,1.2,-11.200000000000031,LOSS,1,100.0,10
SWARMSUSDT,SHORT,2025-12-16 19:45:00+00:00,2025-12-16 20:03:00+00:00,0.01961,0.0198061,-10.00000000000006,1.2,-11.20000000000006,LOSS,6,100.0,10
SWARMSUSDT,SHORT,2025-12-16 19:57:00+00:00,2025-12-16 20:03:00+00:00,0.01948,0.0196748,-9.99999999999992,1.2,-11.19999999999992,LOSS,2,100.0,10
SWARMSUSDT,SHORT,2025-12-16 22:36:00+00:00,2025-12-16 22:39:00+00:00,0.01995,0.0201495,-10.000000000000089,1.2,-11.200000000000088,LOSS,1,100.0,10
SWARMSUSDT,SHORT,2025-12-16 22:39:00+00:00,2025-12-16 22:42:00+00:00,0.02012,0.020321199999999998,-9.99999999999993,1.2,-11.19999999999993,LOSS,1,100.0,10
SWARMSUSDT,SHORT,2025-12-16 22:57:00+00:00,2025-12-16 23:00:00+00:00,0.01981,0.0200081,-9.999999999999984,1.2,-11.199999999999983,LOSS,1,100.0,10
SWARMSUSDT,SHORT,2025-12-16 23:00:00+00:00,2025-12-16 23:06:00+00:00,0.02002,0.0196196,19.999999999999932,1.2,18.799999999999933,WIN,2,100.0,10
SWARMSUSDT,SHORT,2025-12-16 23:06:00+00:00,2025-12-16 23:09:00+00:00,0.01988,0.020078799999999997,-9.99999999999995,1.2,-11.19999999999995,LOSS,1,100.0,10
SWARMSUSDT,SHORT,2025-12-17 03:03:00+00:00,2025-12-17 03:12:00+00:00,0.01903,0.018649399999999997,20.000000000000092,1.2,18.800000000000093,WIN,3,100.0,10
SWARMSUSDT,SHORT,2025-12-17 03:09:00+00:00,2025-12-17 03:12:00+00:00,0.01877,0.018394599999999997,20.000000000000075,1.2,18.800000000000075,WIN,1,100.0,10
SWARMSUSDT,SHORT,2025-12-17 03:12:00+00:00,2025-12-17 03:18:00+00:00,0.01844,0.018624400000000003,-10.000000000000068,1.2,-11.200000000000067,LOSS,2,100.0,10
SWARMSUSDT,SHORT,2025-12-17 03:15:00+00:00,2025-12-17 03:18:00+00:00,0.01855,0.018735500000000002,-10.000000000000089,1.2,-11.200000000000088,LOSS,1,100.0,10
SWARMSUSDT,SHORT,2025-12-17 03:18:00+00:00,2025-12-17 03:36:00+00:00,0.01872,0.0183456,20.00000000000002,1.2,18.800000000000022,WIN,6,100.0,10
SWARMSUSDT,SHORT,2025-12-17 03:24:00+00:00,2025-12-17 03:39:00+00:00,0.01852,0.0181496,19.999999999999996,1.2,18.799999999999997,WIN,5,100.0,10
SWARMSUSDT,SHORT,2025-12-17 05:09:00+00:00,2025-12-17 05:15:00+00:00,0.0172,0.016856,20.000000000000032,1.2,18.800000000000033,WIN,2,100.0,10
EDENUSDT,LONG,2025-12-15 05:12:00+00:00,2025-12-15 05:24:00+00:00,0.06669,0.0680238,19.999999999999943,1.2,18.799999999999944,WIN,4,100.0,10
EDENUSDT,LONG,2025-12-15 05:15:00+00:00,2025-12-15 05:24:00+00:00,0.06668,0.06801360000000001,20.000000000000064,1.2,18.800000000000065,WIN,3,100.0,10
EDENUSDT,LONG,2025-12-15 05:18:00+00:00,2025-12-15 05:24:00+00:00,0.06661,0.06794220000000001,20.000000000000085,1.2,18.800000000000086,WIN,2,100.0,10
EDENUSDT,LONG,2025-12-15 06:21:00+00:00,2025-12-15 06:27:00+00:00,0.07061,0.0699039,-10.000000000000016,1.2,-11.200000000000015,LOSS,2,100.0,10
EDENUSDT,LONG,2025-12-15 06:24:00+00:00,2025-12-15 06:27:00+00:00,0.07094,0.0702306,-9.999999999999984,1.2,-11.199999999999983,LOSS,1,100.0,10
EDENUSDT,LONG,2025-12-15 06:30:00+00:00,2025-12-15 06:39:00+00:00,0.06953,0.0709206,20.000000000000085,1.2,18.800000000000086,WIN,3,100.0,10
EDENUSDT,LONG,2025-12-15 06:36:00+00:00,2025-12-15 06:45:00+00:00,0.07061,0.0699039,-10.000000000000016,1.2,-11.200000000000015,LOSS,3,100.0,10
EDENUSDT,LONG,2025-12-15 08:33:00+00:00,2025-12-15 08:54:00+00:00,0.07064,0.0699336,-9.999999999999943,1.2,-11.199999999999942,LOSS,7,100.0,10
EDENUSDT,LONG,2025-12-15 08:39:00+00:00,2025-12-15 08:54:00+00:00,0.07059,0.0698841,-9.999999999999934,1.2,-11.199999999999934,LOSS,5,100.0,10
EDENUSDT,LONG,2025-12-15 08:48:00+00:00,2025-12-15 08:54:00+00:00,0.07035,0.0696465,-9.999999999999941,1.2,-11.19999999999994,LOSS,2,100.0,10
EDENUSDT,LONG,2025-12-15 08:54:00+00:00,2025-12-15 09:00:00+00:00,0.06952,0.06882479999999999,-10.0000000000001,1.2,-11.200000000000099,LOSS,2,100.0,10
EDENUSDT,LONG,2025-12-15 11:45:00+00:00,2025-12-15 12:00:00+00:00,0.06782,0.0671418,-10.000000000000055,1.2,-11.200000000000054,LOSS,5,100.0,10
EDENUSDT,LONG,2025-12-15 11:48:00+00:00,2025-12-15 12:03:00+00:00,0.06766,0.0669834,-9.999999999999991,1.2,-11.19999999999999,LOSS,5,100.0,10
EDENUSDT,LONG,2025-12-15 11:51:00+00:00,2025-12-15 12:00:00+00:00,0.06777,0.0670923,-10.00000000000005,1.2,-11.200000000000049,LOSS,3,100.0,10
EDENUSDT,LONG,2025-12-15 11:54:00+00:00,2025-12-15 12:03:00+00:00,0.06775,0.06707250000000001,-9.999999999999963,1.2,-11.199999999999962,LOSS,3,100.0,10
EDENUSDT,LONG,2025-12-15 18:15:00+00:00,2025-12-15 19:00:00+00:00,0.06118,0.0624036,19.99999999999997,1.2,18.799999999999972,WIN,15,100.0,10
EDENUSDT,LONG,2025-12-15 18:18:00+00:00,2025-12-15 19:00:00+00:00,0.06103,0.0622506,20.000000000000036,1.2,18.800000000000036,WIN,14,100.0,10
EDENUSDT,LONG,2025-12-15 18:21:00+00:00,2025-12-15 19:00:00+00:00,0.06116,0.0623832,20.000000000000007,1.2,18.800000000000008,WIN,13,100.0,10
EDENUSDT,LONG,2025-12-15 18:24:00+00:00,2025-12-15 19:00:00+00:00,0.06102,0.0622404,20.000000000000057,1.2,18.800000000000058,WIN,12,100.0,10
EDENUSDT,LONG,2025-12-15 18:33:00+00:00,2025-12-15 19:00:00+00:00,0.06097,0.062189400000000006,20.00000000000004,1.2,18.80000000000004,WIN,9,100.0,10
EDENUSDT,LONG,2025-12-15 19:27:00+00:00,2025-12-15 19:51:00+00:00,0.06233,0.0617067,-10.000000000000004,1.2,-11.200000000000003,LOSS,8,100.0,10
EDENUSDT,LONG,2025-12-15 19:30:00+00:00,2025-12-15 19:51:00+00:00,0.06229,0.061667099999999996,-10.000000000000043,1.2,-11.200000000000042,LOSS,7,100.0,10
EDENUSDT,LONG,2025-12-15 19:33:00+00:00,2025-12-15 19:51:00+00:00,0.06226,0.0616374,-10.000000000000014,1.2,-11.200000000000014,LOSS,6,100.0,10
EDENUSDT,LONG,2025-12-15 19:36:00+00:00,2025-12-15 19:51:00+00:00,0.06227,0.061647299999999995,-10.00000000000006,1.2,-11.20000000000006,LOSS,5,100.0,10
EDENUSDT,LONG,2025-12-15 19:39:00+00:00,2025-12-15 19:51:00+00:00,0.06226,0.0616374,-10.000000000000014,1.2,-11.200000000000014,LOSS,4,100.0,10
EDENUSDT,LONG,2025-12-15 19:42:00+00:00,2025-12-15 20:06:00+00:00,0.06224,0.061617599999999995,-10.000000000000036,1.2,-11.200000000000035,LOSS,8,100.0,10
EDENUSDT,LONG,2025-12-15 20:18:00+00:00,2025-12-15 21:18:00+00:00,0.06131,0.0625362,19.999999999999943,1.2,18.799999999999944,WIN,20,100.0,10
EDENUSDT,LONG,2025-12-15 21:12:00+00:00,2025-12-16 02:51:00+00:00,0.06215,0.06339299999999999,19.999999999999908,1.2,18.79999999999991,WIN,113,100.0,10
EDENUSDT,LONG,2025-12-15 21:15:00+00:00,2025-12-16 03:00:00+00:00,0.06235,0.063597,19.999999999999968,1.2,18.79999999999997,WIN,115,100.0,10
EDENUSDT,LONG,2025-12-15 21:18:00+00:00,2025-12-16 02:06:00+00:00,0.06256,0.0619344,-10.000000000000062,1.2,-11.200000000000061,LOSS,96,100.0,10
EDENUSDT,LONG,2025-12-15 21:21:00+00:00,2025-12-16 03:00:00+00:00,0.06245,0.063699,20.000000000000114,1.2,18.800000000000114,WIN,113,100.0,10
EDENUSDT,LONG,2025-12-15 21:24:00+00:00,2025-12-16 02:06:00+00:00,0.06261,0.0619839,-9.999999999999961,1.2,-11.19999999999996,LOSS,94,100.0,10
EDENUSDT,LONG,2025-12-15 21:42:00+00:00,2025-12-16 03:00:00+00:00,0.06249,0.0637398,20.00000000000004,1.2,18.80000000000004,WIN,106,100.0,10
EDENUSDT,LONG,2025-12-15 21:45:00+00:00,2025-12-16 03:00:00+00:00,0.06252,0.0637704,19.999999999999975,1.2,18.799999999999976,WIN,105,100.0,10
EDENUSDT,LONG,2025-12-15 21:48:00+00:00,2025-12-16 03:00:00+00:00,0.06245,0.063699,20.000000000000114,1.2,18.800000000000114,WIN,104,100.0,10
EDENUSDT,LONG,2025-12-15 21:51:00+00:00,2025-12-16 03:00:00+00:00,0.06249,0.0637398,20.00000000000004,1.2,18.80000000000004,WIN,103,100.0,10
EDENUSDT,LONG,2025-12-15 21:54:00+00:00,2025-12-16 03:00:00+00:00,0.06249,0.0637398,20.00000000000004,1.2,18.80000000000004,WIN,102,100.0,10
EDENUSDT,LONG,2025-12-15 22:00:00+00:00,2025-12-16 02:06:00+00:00,0.06257,0.0619443,-9.999999999999998,1.2,-11.199999999999998,LOSS,82,100.0,10
EDENUSDT,LONG,2025-12-15 22:03:00+00:00,2025-12-16 01:42:00+00:00,0.06274,0.062112600000000004,-10.000000000000002,1.2,-11.200000000000001,LOSS,73,100.0,10
EDENUSDT,LONG,2025-12-15 22:06:00+00:00,2025-12-16 01:42:00+00:00,0.06271,0.0620829,-9.999999999999975,1.2,-11.199999999999974,LOSS,72,100.0,10
EDENUSDT,LONG,2025-12-15 22:09:00+00:00,2025-12-16 01:42:00+00:00,0.06268,0.062053199999999996,-10.00000000000006,1.2,-11.20000000000006,LOSS,71,100.0,10
EDENUSDT,LONG,2025-12-15 22:12:00+00:00,2025-12-16 02:06:00+00:00,0.06257,0.0619443,-9.999999999999998,1.2,-11.199999999999998,LOSS,78,100.0,10
EDENUSDT,LONG,2025-12-15 22:15:00+00:00,2025-12-16 02:06:00+00:00,0.06257,0.0619443,-9.999999999999998,1.2,-11.199999999999998,LOSS,77,100.0,10
EDENUSDT,LONG,2025-12-15 22:18:00+00:00,2025-12-16 01:42:00+00:00,0.06266,0.062033399999999995,-9.999999999999968,1.2,-11.199999999999967,LOSS,68,100.0,10
EDENUSDT,LONG,2025-12-15 22:21:00+00:00,2025-12-16 01:42:00+00:00,0.06265,0.062023499999999995,-10.000000000000034,1.2,-11.200000000000033,LOSS,67,100.0,10
EDENUSDT,LONG,2025-12-15 22:36:00+00:00,2025-12-16 01:42:00+00:00,0.06272,0.0620928,-10.000000000000021,1.2,-11.20000000000002,LOSS,62,100.0,10
EDENUSDT,LONG,2025-12-15 22:39:00+00:00,2025-12-16 02:06:00+00:00,0.06262,0.061993799999999995,-10.000000000000007,1.2,-11.200000000000006,LOSS,69,100.0,10
EDENUSDT,LONG,2025-12-15 23:54:00+00:00,2025-12-16 01:36:00+00:00,0.06285,0.0622215,-10.000000000000064,1.2,-11.200000000000063,LOSS,34,100.0,10
EDENUSDT,LONG,2025-12-16 00:21:00+00:00,2025-12-16 00:57:00+00:00,0.06297,0.062340299999999994,-10.00000000000006,1.2,-11.20000000000006,LOSS,12,100.0,10
EDENUSDT,LONG,2025-12-16 00:30:00+00:00,2025-12-16 00:57:00+00:00,0.06298,0.062350199999999995,-9.999999999999998,1.2,-11.199999999999998,LOSS,9,100.0,10
EDENUSDT,LONG,2025-12-16 00:42:00+00:00,2025-12-16 00:57:00+00:00,0.06298,0.062350199999999995,-9.999999999999998,1.2,-11.199999999999998,LOSS,5,100.0,10
EDENUSDT,LONG,2025-12-16 02:24:00+00:00,2025-12-16 03:03:00+00:00,0.0628,0.064056,20.000000000000114,1.2,18.800000000000114,WIN,13,100.0,10
EDENUSDT,LONG,2025-12-16 02:30:00+00:00,2025-12-16 03:03:00+00:00,0.06292,0.06417840000000001,20.000000000000107,1.2,18.800000000000107,WIN,11,100.0,10
EDENUSDT,LONG,2025-12-16 02:33:00+00:00,2025-12-16 03:06:00+00:00,0.06308,0.0643416,20.00000000000003,1.2,18.80000000000003,WIN,11,100.0,10
EDENUSDT,LONG,2025-12-16 03:21:00+00:00,2025-12-16 04:24:00+00:00,0.06383,0.0631917,-9.999999999999913,1.2,-11.199999999999912,LOSS,21,100.0,10
EDENUSDT,LONG,2025-12-16 03:24:00+00:00,2025-12-16 04:24:00+00:00,0.06378,0.06314220000000001,-9.999999999999904,1.2,-11.199999999999903,LOSS,20,100.0,10
EDENUSDT,LONG,2025-12-16 03:27:00+00:00,2025-12-16 04:24:00+00:00,0.0639,0.063261,-10.00000000000001,1.2,-11.20000000000001,LOSS,19,100.0,10
EDENUSDT,LONG,2025-12-16 03:30:00+00:00,2025-12-16 04:24:00+00:00,0.06369,0.0630531,-9.999999999999934,1.2,-11.199999999999934,LOSS,18,100.0,10
EDENUSDT,LONG,2025-12-16 03:33:00+00:00,2025-12-16 04:24:00+00:00,0.06375,0.0631125,-9.999999999999986,1.2,-11.199999999999985,LOSS,17,100.0,10
EDENUSDT,LONG,2025-12-16 03:36:00+00:00,2025-12-16 04:24:00+00:00,0.06366,0.0630234,-10.000000000000018,1.2,-11.200000000000017,LOSS,16,100.0,10
EDENUSDT,LONG,2025-12-16 03:39:00+00:00,2025-12-16 04:24:00+00:00,0.0638,0.063162,-9.999999999999996,1.2,-11.199999999999996,LOSS,15,100.0,10
EDENUSDT,LONG,2025-12-16 06:00:00+00:00,2025-12-16 06:03:00+00:00,0.0845,0.08365500000000001,-9.99999999999998,1.2,-11.19999999999998,LOSS,1,100.0,10
EDENUSDT,LONG,2025-12-16 06:03:00+00:00,2025-12-16 06:06:00+00:00,0.08307,0.0822393,-10.000000000000044,1.2,-11.200000000000044,LOSS,1,100.0,10
EDENUSDT,LONG,2025-12-16 06:06:00+00:00,2025-12-16 06:18:00+00:00,0.0837,0.08286299999999999,-10.000000000000053,1.2,-11.200000000000053,LOSS,4,100.0,10
EDENUSDT,LONG,2025-12-16 07:30:00+00:00,2025-12-16 07:36:00+00:00,0.07628,0.0755172,-9.999999999999922,1.2,-11.199999999999921,LOSS,2,100.0,10
EDENUSDT,LONG,2025-12-16 07:33:00+00:00,2025-12-16 07:36:00+00:00,0.07677,0.07600230000000001,-9.99999999999995,1.2,-11.19999999999995,LOSS,1,100.0,10
EDENUSDT,LONG,2025-12-16 08:15:00+00:00,2025-12-16 08:33:00+00:00,0.07078,0.0721956,20.00000000000004,1.2,18.80000000000004,WIN,6,100.0,10
EDENUSDT,LONG,2025-12-16 08:18:00+00:00,2025-12-16 08:33:00+00:00,0.07092,0.0723384,20.000000000000004,1.2,18.800000000000004,WIN,5,100.0,10
EDENUSDT,LONG,2025-12-16 09:12:00+00:00,2025-12-16 09:18:00+00:00,0.07669,0.0759231,-10.000000000000014,1.2,-11.200000000000014,LOSS,2,100.0,10
EDENUSDT,LONG,2025-12-16 09:15:00+00:00,2025-12-16 09:18:00+00:00,0.07657,0.0758043,-9.999999999999924,1.2,-11.199999999999923,LOSS,1,100.0,10
EDENUSDT,LONG,2025-12-16 09:45:00+00:00,2025-12-16 09:51:00+00:00,0.07503,0.0765306,20.000000000000064,1.2,18.800000000000065,WIN,2,100.0,10
EDENUSDT,LONG,2025-12-16 10:15:00+00:00,2025-12-16 10:18:00+00:00,0.07706,0.07628940000000001,-9.99999999999995,1.2,-11.19999999999995,LOSS,1,100.0,10
EDENUSDT,LONG,2025-12-16 10:48:00+00:00,2025-12-16 11:12:00+00:00,0.07053,0.06982469999999999,-10.000000000000085,1.2,-11.200000000000085,LOSS,8,100.0,10
EDENUSDT,LONG,2025-12-16 10:51:00+00:00,2025-12-16 11:12:00+00:00,0.07061,0.0699039,-10.000000000000016,1.2,-11.200000000000015,LOSS,7,100.0,10
EDENUSDT,LONG,2025-12-16 10:54:00+00:00,2025-12-16 11:12:00+00:00,0.07069,0.0699831,-9.999999999999948,1.2,-11.199999999999948,LOSS,6,100.0,10
EDENUSDT,LONG,2025-12-16 10:57:00+00:00,2025-12-16 11:12:00+00:00,0.07059,0.0698841,-9.999999999999934,1.2,-11.199999999999934,LOSS,5,100.0,10
EDENUSDT,LONG,2025-12-16 14:21:00+00:00,2025-12-16 14:36:00+00:00,0.06759,0.0689418,20.000000000000004,1.2,18.800000000000004,WIN,5,100.0,10
EDENUSDT,LONG,2025-12-16 14:24:00+00:00,2025-12-16 14:36:00+00:00,0.06764,0.0689928,20.000000000000018,1.2,18.80000000000002,WIN,4,100.0,10
EDENUSDT,LONG,2025-12-16 14:27:00+00:00,2025-12-16 14:36:00+00:00,0.06793,0.0692886,20.00000000000002,1.2,18.800000000000022,WIN,3,100.0,10
EDENUSDT,LONG,2025-12-16 14:33:00+00:00,2025-12-16 14:42:00+00:00,0.06857,0.0699414,19.999999999999925,1.2,18.799999999999926,WIN,3,100.0,10
EDENUSDT,LONG,2025-12-16 14:51:00+00:00,2025-12-16 14:57:00+00:00,0.0685,0.06987,19.999999999999943,1.2,18.799999999999944,WIN,2,100.0,10
EDENUSDT,LONG,2025-12-16 15:00:00+00:00,2025-12-16 15:06:00+00:00,0.07048,0.0697752,-10.000000000000075,1.2,-11.200000000000074,LOSS,2,100.0,10
EDENUSDT,LONG,2025-12-16 15:12:00+00:00,2025-12-16 15:21:00+00:00,0.06948,0.0687852,-9.999999999999934,1.2,-11.199999999999934,LOSS,3,100.0,10
EDENUSDT,LONG,2025-12-16 15:15:00+00:00,2025-12-16 15:45:00+00:00,0.0694,0.068706,-10.000000000000002,1.2,-11.200000000000001,LOSS,10,100.0,10
EDENUSDT,LONG,2025-12-16 15:18:00+00:00,2025-12-16 15:48:00+00:00,0.06909,0.0683991,-9.999999999999917,1.2,-11.199999999999916,LOSS,10,100.0,10
EDENUSDT,LONG,2025-12-16 15:21:00+00:00,2025-12-16 15:48:00+00:00,0.06907,0.0683793,-10.000000000000036,1.2,-11.200000000000035,LOSS,9,100.0,10
EDENUSDT,LONG,2025-12-16 17:00:00+00:00,2025-12-16 17:12:00+00:00,0.06953,0.0688347,-9.999999999999943,1.2,-11.199999999999942,LOSS,4,100.0,10
EDENUSDT,LONG,2025-12-16 18:33:00+00:00,2025-12-16 19:03:00+00:00,0.07032,0.0717264,20.000000000000032,1.2,18.800000000000033,WIN,10,100.0,10
EDENUSDT,LONG,2025-12-16 18:48:00+00:00,2025-12-16 19:18:00+00:00,0.07067,0.06996329999999999,-10.000000000000064,1.2,-11.200000000000063,LOSS,10,100.0,10
EDENUSDT,LONG,2025-12-16 18:51:00+00:00,2025-12-16 19:12:00+00:00,0.07098,0.0702702,-9.99999999999995,1.2,-11.19999999999995,LOSS,7,100.0,10
EDENUSDT,LONG,2025-12-16 19:06:00+00:00,2025-12-16 19:18:00+00:00,0.0706,0.069894,-9.999999999999975,1.2,-11.199999999999974,LOSS,4,100.0,10
EDENUSDT,LONG,2025-12-16 19:09:00+00:00,2025-12-16 19:18:00+00:00,0.07084,0.0701316,-9.999999999999972,1.2,-11.19999999999997,LOSS,3,100.0,10
EDENUSDT,LONG,2025-12-16 19:12:00+00:00,2025-12-16 19:48:00+00:00,0.07051,0.0698049,-10.000000000000002,1.2,-11.200000000000001,LOSS,12,100.0,10
EDENUSDT,LONG,2025-12-16 19:15:00+00:00,2025-12-16 19:48:00+00:00,0.07046,0.0697554,-9.999999999999996,1.2,-11.199999999999996,LOSS,11,100.0,10
EDENUSDT,LONG,2025-12-16 19:18:00+00:00,2025-12-16 19:48:00+00:00,0.07035,0.0696465,-9.999999999999941,1.2,-11.19999999999994,LOSS,10,100.0,10
EDENUSDT,LONG,2025-12-16 19:21:00+00:00,2025-12-16 19:27:00+00:00,0.07066,0.0699534,-10.000000000000021,1.2,-11.20000000000002,LOSS,2,100.0,10
EDENUSDT,LONG,2025-12-16 19:24:00+00:00,2025-12-16 19:48:00+00:00,0.07039,0.06968609999999999,-10.000000000000105,1.2,-11.200000000000104,LOSS,8,100.0,10
EDENUSDT,SHORT,2025-12-16 20:12:00+00:00,2025-12-16 20:24:00+00:00,0.06963,0.0703263,-9.999999999999957,1.2,-11.199999999999957,LOSS,4,100.0,10
EDENUSDT,LONG,2025-12-16 20:42:00+00:00,2025-12-16 21:06:00+00:00,0.07113,0.0725526,19.999999999999943,1.2,18.799999999999944,WIN,8,100.0,10
EDENUSDT,LONG,2025-12-16 20:45:00+00:00,2025-12-16 21:03:00+00:00,0.07094,0.0723588,19.999999999999968,1.2,18.79999999999997,WIN,6,100.0,10
EDENUSDT,LONG,2025-12-16 20:51:00+00:00,2025-12-16 21:03:00+00:00,0.07095,0.072369,20.000000000000053,1.2,18.800000000000054,WIN,4,100.0,10
EDENUSDT,LONG,2025-12-16 20:54:00+00:00,2025-12-16 21:03:00+00:00,0.07056,0.0719712,20.00000000000002,1.2,18.800000000000022,WIN,3,100.0,10
EDENUSDT,LONG,2025-12-16 20:57:00+00:00,2025-12-16 21:06:00+00:00,0.07111,0.0725322,19.999999999999975,1.2,18.799999999999976,WIN,3,100.0,10
EDENUSDT,LONG,2025-12-16 21:06:00+00:00,2025-12-16 21:18:00+00:00,0.07189,0.0711711,-9.999999999999924,1.2,-11.199999999999923,LOSS,4,100.0,10
EDENUSDT,LONG,2025-12-16 21:09:00+00:00,2025-12-16 22:12:00+00:00,0.07159,0.0708741,-10.000000000000075,1.2,-11.200000000000074,LOSS,21,100.0,10
EDENUSDT,LONG,2025-12-16 21:12:00+00:00,2025-12-16 22:12:00+00:00,0.07138,0.0706662,-10.000000000000007,1.2,-11.200000000000006,LOSS,20,100.0,10
EDENUSDT,LONG,2025-12-16 21:15:00+00:00,2025-12-16 22:12:00+00:00,0.07142,0.0707058,-9.999999999999975,1.2,-11.199999999999974,LOSS,19,100.0,10
EDENUSDT,LONG,2025-12-16 21:18:00+00:00,2025-12-16 22:12:00+00:00,0.07132,0.0706068,-9.999999999999961,1.2,-11.19999999999996,LOSS,18,100.0,10
EDENUSDT,LONG,2025-12-16 21:21:00+00:00,2025-12-16 22:51:00+00:00,0.0712,0.072624,19.999999999999925,1.2,18.799999999999926,WIN,30,100.0,10
EDENUSDT,LONG,2025-12-16 21:24:00+00:00,2025-12-16 22:03:00+00:00,0.07178,0.07106219999999999,-10.000000000000064,1.2,-11.200000000000063,LOSS,13,100.0,10
EDENUSDT,LONG,2025-12-16 21:27:00+00:00,2025-12-16 22:03:00+00:00,0.0717,0.070983,-9.999999999999936,1.2,-11.199999999999935,LOSS,12,100.0,10
EDENUSDT,LONG,2025-12-16 21:30:00+00:00,2025-12-16 22:12:00+00:00,0.07147,0.07075530000000001,-9.99999999999998,1.2,-11.19999999999998,LOSS,14,100.0,10
EDENUSDT,LONG,2025-12-16 21:33:00+00:00,2025-12-16 22:12:00+00:00,0.07144,0.0707256,-10.000000000000053,1.2,-11.200000000000053,LOSS,13,100.0,10
EDENUSDT,LONG,2025-12-16 21:36:00+00:00,2025-12-16 22:12:00+00:00,0.07148,0.0707652,-10.00000000000002,1.2,-11.200000000000019,LOSS,12,100.0,10
EDENUSDT,LONG,2025-12-16 21:39:00+00:00,2025-12-16 22:12:00+00:00,0.0715,0.07078499999999999,-10.000000000000103,1.2,-11.200000000000102,LOSS,11,100.0,10
EDENUSDT,LONG,2025-12-16 21:42:00+00:00,2025-12-16 22:12:00+00:00,0.07162,0.0709038,-10.000000000000002,1.2,-11.200000000000001,LOSS,10,100.0,10
EDENUSDT,LONG,2025-12-16 21:45:00+00:00,2025-12-16 22:00:00+00:00,0.07191,0.0711909,-10.000000000000004,1.2,-11.200000000000003,LOSS,5,100.0,10
EDENUSDT,LONG,2025-12-16 21:48:00+00:00,2025-12-16 22:00:00+00:00,0.07195,0.0712305,-9.999999999999972,1.2,-11.19999999999997,LOSS,4,100.0,10
EDENUSDT,LONG,2025-12-16 21:51:00+00:00,2025-12-16 22:03:00+00:00,0.07182,0.07110179999999999,-10.000000000000032,1.2,-11.200000000000031,LOSS,4,100.0,10
EDENUSDT,LONG,2025-12-16 21:54:00+00:00,2025-12-16 22:12:00+00:00,0.07162,0.0709038,-10.000000000000002,1.2,-11.200000000000001,LOSS,6,100.0,10
EDENUSDT,LONG,2025-12-16 21:57:00+00:00,2025-12-16 22:03:00+00:00,0.07186,0.0711414,-9.999999999999998,1.2,-11.199999999999998,LOSS,2,100.0,10
EDENUSDT,LONG,2025-12-16 22:00:00+00:00,2025-12-16 22:51:00+00:00,0.07124,0.0726648,20.000000000000057,1.2,18.800000000000058,WIN,17,100.0,10
EDENUSDT,SHORT,2025-12-16 22:30:00+00:00,2025-12-16 22:51:00+00:00,0.07131,0.07202309999999999,-9.99999999999992,1.2,-11.19999999999992,LOSS,7,100.0,10
EDENUSDT,SHORT,2025-12-16 22:33:00+00:00,2025-12-16 22:51:00+00:00,0.07128,0.0719928,-9.999999999999996,1.2,-11.199999999999996,LOSS,6,100.0,10
EDENUSDT,LONG,2025-12-16 22:48:00+00:00,2025-12-16 23:00:00+00:00,0.07197,0.07340940000000001,20.000000000000103,1.2,18.800000000000104,WIN,4,100.0,10
EDENUSDT,LONG,2025-12-16 23:15:00+00:00,2025-12-16 23:30:00+00:00,0.07281,0.0742662,20.000000000000068,1.2,18.800000000000068,WIN,5,100.0,10
EDENUSDT,LONG,2025-12-16 23:18:00+00:00,2025-12-16 23:57:00+00:00,0.07311,0.0723789,-9.999999999999979,1.2,-11.199999999999978,LOSS,13,100.0,10
EDENUSDT,LONG,2025-12-16 23:33:00+00:00,2025-12-16 23:54:00+00:00,0.07395,0.0732105,-10.000000000000053,1.2,-11.200000000000053,LOSS,7,100.0,10
EDENUSDT,LONG,2025-12-16 23:36:00+00:00,2025-12-16 23:54:00+00:00,0.07386,0.07312139999999999,-10.00000000000008,1.2,-11.20000000000008,LOSS,6,100.0,10
EDENUSDT,LONG,2025-12-16 23:39:00+00:00,2025-12-16 23:54:00+00:00,0.07393,0.0731907,-9.999999999999979,1.2,-11.199999999999978,LOSS,5,100.0,10
EDENUSDT,LONG,2025-12-16 23:42:00+00:00,2025-12-16 23:54:00+00:00,0.0736,0.072864,-10.000000000000007,1.2,-11.200000000000006,LOSS,4,100.0,10
EDENUSDT,LONG,2025-12-16 23:45:00+00:00,2025-12-16 23:54:00+00:00,0.07356,0.0728244,-10.000000000000039,1.2,-11.200000000000038,LOSS,3,100.0,10
EDENUSDT,LONG,2025-12-16 23:48:00+00:00,2025-12-16 23:54:00+00:00,0.07371,0.0729729,-10.00000000000006,1.2,-11.20000000000006,LOSS,2,100.0,10
EDENUSDT,LONG,2025-12-16 23:51:00+00:00,2025-12-16 23:54:00+00:00,0.07358,0.07284420000000001,-9.999999999999929,1.2,-11.199999999999928,LOSS,1,100.0,10
EDENUSDT,LONG,2025-12-16 23:54:00+00:00,2025-12-17 00:00:00+00:00,0.07295,0.0722205,-9.999999999999918,1.2,-11.199999999999918,LOSS,2,100.0,10
EDENUSDT,LONG,2025-12-17 00:09:00+00:00,2025-12-17 00:15:00+00:00,0.07094,0.0702306,-9.999999999999984,1.2,-11.199999999999983,LOSS,2,100.0,10
EDENUSDT,LONG,2025-12-17 03:00:00+00:00,2025-12-17 03:30:00+00:00,0.06956,0.07095119999999999,19.999999999999932,1.2,18.799999999999933,WIN,10,100.0,10
EDENUSDT,LONG,2025-12-17 03:21:00+00:00,2025-12-17 03:51:00+00:00,0.07074,0.0700326,-9.999999999999957,1.2,-11.199999999999957,LOSS,10,100.0,10
EDENUSDT,LONG,2025-12-17 03:24:00+00:00,2025-12-17 03:39:00+00:00,0.07046,0.0718692,19.999999999999993,1.2,18.799999999999994,WIN,5,100.0,10
EDENUSDT,LONG,2025-12-17 03:27:00+00:00,2025-12-17 03:51:00+00:00,0.07068,0.0699732,-10.000000000000105,1.2,-11.200000000000104,LOSS,8,100.0,10
EDENUSDT,LONG,2025-12-17 03:45:00+00:00,2025-12-17 03:48:00+00:00,0.07098,0.0702702,-9.99999999999995,1.2,-11.19999999999995,LOSS,1,100.0,10
EDENUSDT,LONG,2025-12-17 03:48:00+00:00,2025-12-17 03:51:00+00:00,0.07038,0.0696762,-10.000000000000062,1.2,-11.200000000000061,LOSS,1,100.0,10
EDENUSDT,LONG,2025-12-17 03:54:00+00:00,2025-12-17 04:24:00+00:00,0.06943,0.07081860000000001,20.000000000000053,1.2,18.800000000000054,WIN,10,100.0,10
EDENUSDT,LONG,2025-12-17 04:30:00+00:00,2025-12-17 05:00:00+00:00,0.07112,0.0725424,20.000000000000057,1.2,18.800000000000058,WIN,10,100.0,10
LIGHTUSDT,LONG,2025-12-15 06:03:00+00:00,2025-12-15 06:36:00+00:00,1.1264,1.1151360000000001,-9.999999999999947,1.2,-11.199999999999946,LOSS,11,100.0,10
LIGHTUSDT,LONG,2025-12-15 06:33:00+00:00,2025-12-15 09:18:00+00:00,1.1175,1.13985,20.000000000000085,1.2,18.800000000000086,WIN,55,100.0,10
LIGHTUSDT,LONG,2025-12-15 07:12:00+00:00,2025-12-15 07:54:00+00:00,1.1233,1.112067,-10.000000000000044,1.2,-11.200000000000044,LOSS,14,100.0,10
LIGHTUSDT,LONG,2025-12-15 09:03:00+00:00,2025-12-15 09:18:00+00:00,1.1231,1.145562,19.999999999999982,1.2,18.799999999999983,WIN,5,100.0,10
LIGHTUSDT,LONG,2025-12-15 09:27:00+00:00,2025-12-15 09:42:00+00:00,1.1278,1.150356,20.00000000000002,1.2,18.800000000000022,WIN,5,100.0,10
LIGHTUSDT,LONG,2025-12-15 09:33:00+00:00,2025-12-15 09:36:00+00:00,1.1479,1.136421,-10.000000000000016,1.2,-11.200000000000015,LOSS,1,100.0,10
LIGHTUSDT,LONG,2025-12-15 09:39:00+00:00,2025-12-15 09:51:00+00:00,1.1422,1.1650440000000002,20.00000000000007,1.2,18.80000000000007,WIN,4,100.0,10
LIGHTUSDT,LONG,2025-12-15 09:42:00+00:00,2025-12-15 10:00:00+00:00,1.1464,1.1693280000000001,20.00000000000005,1.2,18.80000000000005,WIN,6,100.0,10
LIGHTUSDT,LONG,2025-12-15 09:45:00+00:00,2025-12-15 10:06:00+00:00,1.1557,1.178814,20.00000000000007,1.2,18.80000000000007,WIN,7,100.0,10
LIGHTUSDT,LONG,2025-12-15 09:48:00+00:00,2025-12-15 10:06:00+00:00,1.1594,1.182588,19.999999999999993,1.2,18.799999999999994,WIN,6,100.0,10
LIGHTUSDT,LONG,2025-12-15 09:51:00+00:00,2025-12-15 10:15:00+00:00,1.1631,1.1863620000000001,20.0000000000001,1.2,18.8000000000001,WIN,8,100.0,10
LIGHTUSDT,LONG,2025-12-15 09:54:00+00:00,2025-12-15 10:18:00+00:00,1.1677,1.191054,20.000000000000085,1.2,18.800000000000086,WIN,8,100.0,10
LIGHTUSDT,LONG,2025-12-15 09:57:00+00:00,2025-12-15 10:15:00+00:00,1.1652,1.188504,19.999999999999993,1.2,18.799999999999994,WIN,6,100.0,10
LIGHTUSDT,LONG,2025-12-15 10:00:00+00:00,2025-12-15 10:21:00+00:00,1.1696,1.192992,20.00000000000007,1.2,18.80000000000007,WIN,7,100.0,10
LIGHTUSDT,LONG,2025-12-15 10:30:00+00:00,2025-12-15 10:39:00+00:00,1.1789,1.167111,-10.000000000000043,1.2,-11.200000000000042,LOSS,3,100.0,10
LIGHTUSDT,LONG,2025-12-15 10:33:00+00:00,2025-12-15 10:39:00+00:00,1.1824,1.1705759999999998,-10.00000000000005,1.2,-11.200000000000049,LOSS,2,100.0,10
LIGHTUSDT,LONG,2025-12-15 10:36:00+00:00,2025-12-15 10:39:00+00:00,1.1837,1.1718629999999999,-10.000000000000082,1.2,-11.200000000000081,LOSS,1,100.0,10
LIGHTUSDT,LONG,2025-12-15 10:39:00+00:00,2025-12-15 10:48:00+00:00,1.1495,1.17249,20.000000000000057,1.2,18.800000000000058,WIN,3,100.0,10
LIGHTUSDT,LONG,2025-12-15 11:57:00+00:00,2025-12-15 12:09:00+00:00,1.1887,1.176813,-9.999999999999984,1.2,-11.199999999999983,LOSS,4,100.0,10
LIGHTUSDT,LONG,2025-12-15 12:06:00+00:00,2025-12-15 12:21:00+00:00,1.1831,1.1712690000000001,-9.999999999999936,1.2,-11.199999999999935,LOSS,5,100.0,10
LIGHTUSDT,LONG,2025-12-15 12:09:00+00:00,2025-12-15 12:18:00+00:00,1.1906,1.1786940000000001,-9.999999999999975,1.2,-11.199999999999974,LOSS,3,100.0,10
LIGHTUSDT,LONG,2025-12-15 12:12:00+00:00,2025-12-15 12:18:00+00:00,1.1916,1.179684,-10.000000000000032,1.2,-11.200000000000031,LOSS,2,100.0,10
LIGHTUSDT,LONG,2025-12-15 12:21:00+00:00,2025-12-15 12:54:00+00:00,1.1718,1.1600819999999998,-10.0000000000001,1.2,-11.200000000000099,LOSS,11,100.0,10
LIGHTUSDT,LONG,2025-12-15 12:24:00+00:00,2025-12-15 12:48:00+00:00,1.1829,1.171071,-10.000000000000075,1.2,-11.200000000000074,LOSS,8,100.0,10
LIGHTUSDT,SHORT,2025-12-15 13:33:00+00:00,2025-12-15 13:51:00+00:00,1.1738,1.185538,-10.000000000000021,1.2,-11.20000000000002,LOSS,6,100.0,10
LIGHTUSDT,SHORT,2025-12-15 13:39:00+00:00,2025-12-15 13:45:00+00:00,1.1652,1.176852,-9.999999999999996,1.2,-11.199999999999996,LOSS,2,100.0,10
LIGHTUSDT,LONG,2025-12-15 13:54:00+00:00,2025-12-15 14:24:00+00:00,1.1905,1.21431,20.000000000000092,1.2,18.800000000000093,WIN,10,100.0,10
LIGHTUSDT,LONG,2025-12-15 14:00:00+00:00,2025-12-15 14:24:00+00:00,1.1916,1.215432,20.000000000000064,1.2,18.800000000000065,WIN,8,100.0,10
LIGHTUSDT,LONG,2025-12-15 14:03:00+00:00,2025-12-15 14:24:00+00:00,1.1911,1.214922,20.000000000000007,1.2,18.800000000000008,WIN,7,100.0,10
LIGHTUSDT,LONG,2025-12-15 14:06:00+00:00,2025-12-15 14:24:00+00:00,1.1984,1.222368,19.999999999999993,1.2,18.799999999999994,WIN,6,100.0,10
LIGHTUSDT,LONG,2025-12-15 14:12:00+00:00,2025-12-15 14:15:00+00:00,1.1999,1.1879009999999999,-10.000000000000078,1.2,-11.200000000000077,LOSS,1,100.0,10
LIGHTUSDT,LONG,2025-12-15 14:15:00+00:00,2025-12-15 14:24:00+00:00,1.197,1.2209400000000001,20.000000000000057,1.2,18.800000000000058,WIN,3,100.0,10
LIGHTUSDT,LONG,2025-12-15 14:18:00+00:00,2025-12-15 14:24:00+00:00,1.2003,1.224306,19.999999999999975,1.2,18.799999999999976,WIN,2,100.0,10
LIGHTUSDT,LONG,2025-12-15 14:33:00+00:00,2025-12-15 14:57:00+00:00,1.2187,1.206513,-9.99999999999996,1.2,-11.199999999999958,LOSS,8,100.0,10
LIGHTUSDT,LONG,2025-12-15 14:36:00+00:00,2025-12-15 14:57:00+00:00,1.2109,1.1987910000000002,-9.999999999999938,1.2,-11.199999999999937,LOSS,7,100.0,10
LIGHTUSDT,LONG,2025-12-15 14:42:00+00:00,2025-12-15 14:54:00+00:00,1.2196,1.207404,-10.000000000000078,1.2,-11.200000000000077,LOSS,4,100.0,10
LIGHTUSDT,LONG,2025-12-15 14:45:00+00:00,2025-12-15 14:57:00+00:00,1.2178,1.205622,-10.000000000000018,1.2,-11.200000000000017,LOSS,4,100.0,10
LIGHTUSDT,LONG,2025-12-15 14:48:00+00:00,2025-12-15 14:57:00+00:00,1.2137,1.201563,-10.000000000000053,1.2,-11.200000000000053,LOSS,3,100.0,10
LIGHTUSDT,LONG,2025-12-15 14:51:00+00:00,2025-12-15 14:57:00+00:00,1.2173,1.205127,-9.999999999999991,1.2,-11.19999999999999,LOSS,2,100.0,10
LIGHTUSDT,LONG,2025-12-15 14:54:00+00:00,2025-12-15 14:57:00+00:00,1.2104,1.1982959999999998,-10.000000000000096,1.2,-11.200000000000095,LOSS,1,100.0,10
LIGHTUSDT,LONG,2025-12-15 14:57:00+00:00,2025-12-15 15:09:00+00:00,1.2152,1.2395040000000002,20.000000000000085,1.2,18.800000000000086,WIN,4,100.0,10
LIGHTUSDT,LONG,2025-12-15 15:00:00+00:00,2025-12-15 15:33:00+00:00,1.2296,1.254192,19.999999999999957,1.2,18.799999999999958,WIN,11,100.0,10
LIGHTUSDT,LONG,2025-12-15 15:03:00+00:00,2025-12-15 15:18:00+00:00,1.2366,1.2242339999999998,-10.00000000000008,1.2,-11.20000000000008,LOSS,5,100.0,10
LIGHTUSDT,LONG,2025-12-15 15:06:00+00:00,2025-12-15 15:18:00+00:00,1.2326,1.2202739999999999,-10.00000000000005,1.2,-11.200000000000049,LOSS,4,100.0,10
LIGHTUSDT,LONG,2025-12-15 15:09:00+00:00,2025-12-15 15:18:00+00:00,1.2352,1.2228480000000002,-9.999999999999934,1.2,-11.199999999999934,LOSS,3,100.0,10
LIGHTUSDT,LONG,2025-12-15 15:12:00+00:00,2025-12-15 15:18:00+00:00,1.2342,1.2218579999999999,-10.00000000000006,1.2,-11.20000000000006,LOSS,2,100.0,10
LIGHTUSDT,LONG,2025-12-15 15:15:00+00:00,2025-12-15 15:33:00+00:00,1.2301,1.254702,20.000000000000007,1.2,18.800000000000008,WIN,6,100.0,10
LIGHTUSDT,LONG,2025-12-15 15:18:00+00:00,2025-12-15 15:33:00+00:00,1.2312,1.255824,19.999999999999982,1.2,18.799999999999983,WIN,5,100.0,10
LIGHTUSDT,LONG,2025-12-15 15:21:00+00:00,2025-12-15 15:39:00+00:00,1.2353,1.222947,-10.000000000000046,1.2,-11.200000000000045,LOSS,6,100.0,10
LIGHTUSDT,LONG,2025-12-15 15:24:00+00:00,2025-12-15 15:39:00+00:00,1.2358,1.223442,-10.000000000000073,1.2,-11.200000000000072,LOSS,5,100.0,10
LIGHTUSDT,LONG,2025-12-15 15:33:00+00:00,2025-12-15 15:36:00+00:00,1.2374,1.225026,-10.000000000000087,1.2,-11.200000000000086,LOSS,1,100.0,10
LIGHTUSDT,LONG,2025-12-15 15:36:00+00:00,2025-12-15 15:39:00+00:00,1.2276,1.215324,-9.999999999999963,1.2,-11.199999999999962,LOSS,1,100.0,10
LIGHTUSDT,LONG,2025-12-15 15:39:00+00:00,2025-12-15 15:48:00+00:00,1.2136,1.237872,20.000000000000057,1.2,18.800000000000058,WIN,3,100.0,10
LIGHTUSDT,LONG,2025-12-15 15:42:00+00:00,2025-12-15 15:45:00+00:00,1.2238,1.211562,-9.999999999999975,1.2,-11.199999999999974,LOSS,1,100.0,10
LIGHTUSDT,LONG,2025-12-15 15:54:00+00:00,2025-12-15 16:00:00+00:00,1.2425,1.230075,-9.999999999999927,1.2,-11.199999999999926,LOSS,2,100.0,10
LIGHTUSDT,LONG,2025-12-15 15:57:00+00:00,2025-12-15 16:03:00+00:00,1.2404,1.2279959999999999,-10.000000000000068,1.2,-11.200000000000067,LOSS,2,100.0,10
LIGHTUSDT,LONG,2025-12-15 16:00:00+00:00,2025-12-15 16:09:00+00:00,1.2303,1.217997,-9.999999999999963,1.2,-11.199999999999962,LOSS,3,100.0,10
LIGHTUSDT,LONG,2025-12-15 16:03:00+00:00,2025-12-15 16:09:00+00:00,1.2307,1.2183929999999998,-10.000000000000055,1.2,-11.200000000000054,LOSS,2,100.0,10
LIGHTUSDT,LONG,2025-12-15 16:06:00+00:00,2025-12-15 16:09:00+00:00,1.2268,1.214532,-9.999999999999957,1.2,-11.199999999999957,LOSS,1,100.0,10
LIGHTUSDT,LONG,2025-12-15 16:30:00+00:00,2025-12-15 16:42:00+00:00,1.259,1.2464099999999998,-10.000000000000082,1.2,-11.200000000000081,LOSS,4,100.0,10
LIGHTUSDT,LONG,2025-12-15 16:33:00+00:00,2025-12-15 16:42:00+00:00,1.257,1.24443,-9.999999999999979,1.2,-11.199999999999978,LOSS,3,100.0,10
LIGHTUSDT,LONG,2025-12-15 16:36:00+00:00,2025-12-15 16:42:00+00:00,1.2612,1.248588,-10.000000000000053,1.2,-11.200000000000053,LOSS,2,100.0,10
LIGHTUSDT,LONG,2025-12-15 16:39:00+00:00,2025-12-15 16:42:00+00:00,1.2644,1.2517559999999999,-10.000000000000078,1.2,-11.200000000000077,LOSS,1,100.0,10
LIGHTUSDT,LONG,2025-12-15 16:42:00+00:00,2025-12-15 16:48:00+00:00,1.2488,1.273776,20.00000000000009,1.2,18.80000000000009,WIN,2,100.0,10
LIGHTUSDT,LONG,2025-12-15 16:45:00+00:00,2025-12-15 17:03:00+00:00,1.2634,1.2886680000000001,20.000000000000053,1.2,18.800000000000054,WIN,6,100.0,10
LIGHTUSDT,LONG,2025-12-15 16:48:00+00:00,2025-12-15 16:51:00+00:00,1.2724,1.259676,-9.999999999999966,1.2,-11.199999999999966,LOSS,1,100.0,10
LIGHTUSDT,LONG,2025-12-15 16:51:00+00:00,2025-12-15 17:03:00+00:00,1.262,1.28724,19.999999999999943,1.2,18.799999999999944,WIN,4,100.0,10
LIGHTUSDT,LONG,2025-12-15 16:57:00+00:00,2025-12-15 17:03:00+00:00,1.266,1.29132,20.000000000000007,1.2,18.800000000000008,WIN,2,100.0,10
LIGHTUSDT,LONG,2025-12-15 17:00:00+00:00,2025-12-15 17:03:00+00:00,1.2702,1.295604,19.999999999999986,1.2,18.799999999999986,WIN,1,100.0,10
LIGHTUSDT,LONG,2025-12-15 17:03:00+00:00,2025-12-15 17:09:00+00:00,1.2943,1.320186,20.000000000000057,1.2,18.800000000000058,WIN,2,100.0,10
LIGHTUSDT,LONG,2025-12-15 17:18:00+00:00,2025-12-15 17:21:00+00:00,1.3264,1.313136,-9.999999999999957,1.2,-11.199999999999957,LOSS,1,100.0,10
LIGHTUSDT,LONG,2025-12-15 17:27:00+00:00,2025-12-15 17:33:00+00:00,1.3052,1.2921479999999999,-10.00000000000005,1.2,-11.200000000000049,LOSS,2,100.0,10
LIGHTUSDT,LONG,2025-12-15 17:33:00+00:00,2025-12-15 17:36:00+00:00,1.2934,1.280466,-10.0,1.2,-11.2,LOSS,1,100.0,10
LIGHTUSDT,LONG,2025-12-15 17:36:00+00:00,2025-12-15 17:42:00+00:00,1.2864,1.312128,19.99999999999998,1.2,18.79999999999998,WIN,2,100.0,10
LIGHTUSDT,LONG,2025-12-15 17:39:00+00:00,2025-12-15 17:45:00+00:00,1.3036,1.290564,-10.000000000000036,1.2,-11.200000000000035,LOSS,2,100.0,10
LIGHTUSDT,SHORT,2025-12-15 18:57:00+00:00,2025-12-15 19:24:00+00:00,1.2516,1.264116,-9.999999999999979,1.2,-11.199999999999978,LOSS,9,100.0,10
LIGHTUSDT,LONG,2025-12-15 19:39:00+00:00,2025-12-15 19:51:00+00:00,1.2787,1.2659129999999998,-10.000000000000082,1.2,-11.200000000000081,LOSS,4,100.0,10
LIGHTUSDT,LONG,2025-12-15 19:42:00+00:00,2025-12-15 19:48:00+00:00,1.2845,1.271655,-9.999999999999996,1.2,-11.199999999999996,LOSS,2,100.0,10
LIGHTUSDT,LONG,2025-12-15 19:48:00+00:00,2025-12-15 19:51:00+00:00,1.2686,1.255914,-9.99999999999998,1.2,-11.19999999999998,LOSS,1,100.0,10
LIGHTUSDT,LONG,2025-12-15 19:54:00+00:00,2025-12-15 20:06:00+00:00,1.2676,1.2549240000000002,-9.999999999999927,1.2,-11.199999999999926,LOSS,4,100.0,10
LIGHTUSDT,LONG,2025-12-15 19:57:00+00:00,2025-12-15 20:06:00+00:00,1.2698,1.257102,-10.000000000000075,1.2,-11.200000000000074,LOSS,3,100.0,10
LIGHTUSDT,LONG,2025-12-15 20:00:00+00:00,2025-12-15 20:06:00+00:00,1.2697,1.257003,-9.999999999999966,1.2,-11.199999999999966,LOSS,2,100.0,10
LIGHTUSDT,LONG,2025-12-15 20:03:00+00:00,2025-12-15 20:12:00+00:00,1.2635,1.2508650000000001,-9.999999999999963,1.2,-11.199999999999962,LOSS,3,100.0,10
LIGHTUSDT,LONG,2025-12-15 20:06:00+00:00,2025-12-15 20:30:00+00:00,1.2568,1.244232,-9.99999999999993,1.2,-11.19999999999993,LOSS,8,100.0,10
LIGHTUSDT,LONG,2025-12-15 20:09:00+00:00,2025-12-15 20:30:00+00:00,1.2556,1.243044,-10.000000000000009,1.2,-11.200000000000008,LOSS,7,100.0,10
LIGHTUSDT,SHORT,2025-12-15 21:33:00+00:00,2025-12-15 21:36:00+00:00,1.2422,1.254622,-9.999999999999947,1.2,-11.199999999999946,LOSS,1,100.0,10
LIGHTUSDT,LONG,2025-12-15 21:57:00+00:00,2025-12-15 22:00:00+00:00,1.2609,1.2482909999999998,-10.000000000000075,1.2,-11.200000000000074,LOSS,1,100.0,10
LIGHTUSDT,LONG,2025-12-15 22:06:00+00:00,2025-12-15 22:18:00+00:00,1.2624,1.249776,-9.999999999999975,1.2,-11.199999999999974,LOSS,4,100.0,10
LIGHTUSDT,LONG,2025-12-15 22:09:00+00:00,2025-12-15 22:45:00+00:00,1.2576,1.2450240000000001,-9.999999999999936,1.2,-11.199999999999935,LOSS,12,100.0,10
LIGHTUSDT,LONG,2025-12-15 22:15:00+00:00,2025-12-15 22:45:00+00:00,1.2528,1.2402719999999998,-10.000000000000075,1.2,-11.200000000000074,LOSS,10,100.0,10
LIGHTUSDT,LONG,2025-12-15 22:18:00+00:00,2025-12-15 22:30:00+00:00,1.2508,1.2758159999999998,19.999999999999943,1.2,18.799999999999944,WIN,4,100.0,10
LIGHTUSDT,LONG,2025-12-15 22:21:00+00:00,2025-12-15 22:30:00+00:00,1.2512,1.276224,19.99999999999995,1.2,18.79999999999995,WIN,3,100.0,10
LIGHTUSDT,LONG,2025-12-15 22:24:00+00:00,2025-12-15 22:45:00+00:00,1.2535,1.240965,-9.999999999999972,1.2,-11.19999999999997,LOSS,7,100.0,10
LIGHTUSDT,LONG,2025-12-15 22:27:00+00:00,2025-12-15 22:45:00+00:00,1.2625,1.2498749999999998,-10.000000000000087,1.2,-11.200000000000086,LOSS,6,100.0,10
LIGHTUSDT,LONG,2025-12-15 22:30:00+00:00,2025-12-15 22:39:00+00:00,1.2672,1.254528,-10.000000000000014,1.2,-11.200000000000014,LOSS,3,100.0,10
LIGHTUSDT,LONG,2025-12-15 22:33:00+00:00,2025-12-15 22:45:00+00:00,1.26,1.2474,-9.999999999999956,1.2,-11.199999999999955,LOSS,4,100.0,10
LIGHTUSDT,LONG,2025-12-15 22:36:00+00:00,2025-12-15 22:45:00+00:00,1.26,1.2474,-9.999999999999956,1.2,-11.199999999999955,LOSS,3,100.0,10
LIGHTUSDT,LONG,2025-12-15 22:39:00+00:00,2025-12-15 22:45:00+00:00,1.2523,1.239777,-10.00000000000005,1.2,-11.200000000000049,LOSS,2,100.0,10
LIGHTUSDT,LONG,2025-12-15 22:42:00+00:00,2025-12-15 22:45:00+00:00,1.257,1.24443,-9.999999999999979,1.2,-11.199999999999978,LOSS,1,100.0,10
LIGHTUSDT,LONG,2025-12-16 00:27:00+00:00,2025-12-16 00:42:00+00:00,1.2612,1.2864240000000002,20.000000000000107,1.2,18.800000000000107,WIN,5,100.0,10
LIGHTUSDT,LONG,2025-12-16 00:30:00+00:00,2025-12-16 00:42:00+00:00,1.2591,1.2842820000000001,20.00000000000003,1.2,18.80000000000003,WIN,4,100.0,10
LIGHTUSDT,LONG,2025-12-16 00:33:00+00:00,2025-12-16 00:39:00+00:00,1.2536,1.278672,19.999999999999986,1.2,18.799999999999986,WIN,2,100.0,10
LIGHTUSDT,LONG,2025-12-16 00:36:00+00:00,2025-12-16 00:42:00+00:00,1.2651,1.2904019999999998,19.99999999999995,1.2,18.79999999999995,WIN,2,100.0,10
LIGHTUSDT,LONG,2025-12-16 00:39:00+00:00,2025-12-16 00:45:00+00:00,1.2783,1.303866,19.999999999999982,1.2,18.799999999999983,WIN,2,100.0,10
LIGHTUSDT,LONG,2025-12-16 00:42:00+00:00,2025-12-16 01:00:00+00:00,1.2923,1.279377,-10.000000000000014,1.2,-11.200000000000014,LOSS,6,100.0,10
LIGHTUSDT,LONG,2025-12-16 00:57:00+00:00,2025-12-16 01:00:00+00:00,1.2904,1.277496,-10.00000000000002,1.2,-11.200000000000019,LOSS,1,100.0,10
LIGHTUSDT,LONG,2025-12-16 01:00:00+00:00,2025-12-16 01:03:00+00:00,1.2786,1.265814,-9.999999999999972,1.2,-11.19999999999997,LOSS,1,100.0,10
LIGHTUSDT,LONG,2025-12-16 01:03:00+00:00,2025-12-16 01:33:00+00:00,1.2718,1.259082,-10.000000000000004,1.2,-11.200000000000003,LOSS,10,100.0,10
LIGHTUSDT,LONG,2025-12-16 01:06:00+00:00,2025-12-16 01:15:00+00:00,1.2776,1.264824,-10.000000000000092,1.2,-11.200000000000092,LOSS,3,100.0,10
LIGHTUSDT,LONG,2025-12-16 01:09:00+00:00,2025-12-16 01:15:00+00:00,1.2865,1.273635,-9.999999999999925,1.2,-11.199999999999925,LOSS,2,100.0,10
LIGHTUSDT,LONG,2025-12-16 01:12:00+00:00,2025-12-16 01:15:00+00:00,1.2788,1.266012,-10.000000000000018,1.2,-11.200000000000017,LOSS,1,100.0,10
LIGHTUSDT,LONG,2025-12-16 01:15:00+00:00,2025-12-16 01:39:00+00:00,1.2664,1.253736,-10.000000000000007,1.2,-11.200000000000006,LOSS,8,100.0,10
LIGHTUSDT,LONG,2025-12-16 03:21:00+00:00,2025-12-16 03:27:00+00:00,1.2508,1.238292,-9.999999999999972,1.2,-11.19999999999997,LOSS,2,100.0,10
LIGHTUSDT,LONG,2025-12-16 03:24:00+00:00,2025-12-16 03:27:00+00:00,1.2484,1.235916,-9.99999999999995,1.2,-11.19999999999995,LOSS,1,100.0,10
LIGHTUSDT,LONG,2025-12-16 03:48:00+00:00,2025-12-16 03:57:00+00:00,1.2511,1.2761220000000002,20.000000000000075,1.2,18.800000000000075,WIN,3,100.0,10
LIGHTUSDT,LONG,2025-12-16 03:51:00+00:00,2025-12-16 04:00:00+00:00,1.2684,1.255716,-9.999999999999936,1.2,-11.199999999999935,LOSS,3,100.0,10
LIGHTUSDT,LONG,2025-12-16 03:54:00+00:00,2025-12-16 04:00:00+00:00,1.2741,1.261359,-10.000000000000089,1.2,-11.200000000000088,LOSS,2,100.0,10
LIGHTUSDT,LONG,2025-12-16 03:57:00+00:00,2025-12-16 04:00:00+00:00,1.2726,1.259874,-10.000000000000014,1.2,-11.200000000000014,LOSS,1,100.0,10
LIGHTUSDT,LONG,2025-12-16 04:06:00+00:00,2025-12-16 04:18:00+00:00,1.2672,1.254528,-10.000000000000014,1.2,-11.200000000000014,LOSS,4,100.0,10
LIGHTUSDT,LONG,2025-12-16 04:09:00+00:00,2025-12-16 04:18:00+00:00,1.2655,1.252845,-10.000000000000064,1.2,-11.200000000000063,LOSS,3,100.0,10
LIGHTUSDT,LONG,2025-12-16 04:12:00+00:00,2025-12-16 04:27:00+00:00,1.2616,1.248984,-9.999999999999968,1.2,-11.199999999999967,LOSS,5,100.0,10
LIGHTUSDT,LONG,2025-12-16 04:15:00+00:00,2025-12-16 04:30:00+00:00,1.2571,1.244529,-10.000000000000087,1.2,-11.200000000000086,LOSS,5,100.0,10
LIGHTUSDT,LONG,2025-12-16 04:18:00+00:00,2025-12-16 04:27:00+00:00,1.262,1.24938,-10.00000000000006,1.2,-11.20000000000006,LOSS,3,100.0,10
LIGHTUSDT,LONG,2025-12-16 04:21:00+00:00,2025-12-16 04:27:00+00:00,1.2592,1.2466080000000002,-9.999999999999948,1.2,-11.199999999999948,LOSS,2,100.0,10
LIGHTUSDT,LONG,2025-12-16 04:24:00+00:00,2025-12-16 04:30:00+00:00,1.2556,1.243044,-10.000000000000009,1.2,-11.200000000000008,LOSS,2,100.0,10
LIGHTUSDT,LONG,2025-12-16 04:27:00+00:00,2025-12-16 05:06:00+00:00,1.2486,1.273572,19.999999999999996,1.2,18.799999999999997,WIN,13,100.0,10
LIGHTUSDT,LONG,2025-12-16 05:06:00+00:00,2025-12-16 05:24:00+00:00,1.269,1.2563099999999998,-10.000000000000071,1.2,-11.20000000000007,LOSS,6,100.0,10
LIGHTUSDT,LONG,2025-12-16 05:09:00+00:00,2025-12-16 05:24:00+00:00,1.2673,1.2546270000000002,-9.999999999999948,1.2,-11.199999999999948,LOSS,5,100.0,10
LIGHTUSDT,LONG,2025-12-16 05:12:00+00:00,2025-12-16 05:24:00+00:00,1.2716,1.2588840000000001,-9.999999999999961,1.2,-11.19999999999996,LOSS,4,100.0,10
LIGHTUSDT,LONG,2025-12-16 05:15:00+00:00,2025-12-16 05:24:00+00:00,1.2736,1.260864,-10.000000000000062,1.2,-11.200000000000061,LOSS,3,100.0,10
LIGHTUSDT,LONG,2025-12-16 06:09:00+00:00,2025-12-16 06:18:00+00:00,1.2841,1.271259,-10.00000000000008,1.2,-11.20000000000008,LOSS,3,100.0,10
LIGHTUSDT,LONG,2025-12-16 06:12:00+00:00,2025-12-16 06:18:00+00:00,1.2836,1.270764,-10.000000000000053,1.2,-11.200000000000053,LOSS,2,100.0,10
LIGHTUSDT,LONG,2025-12-16 06:15:00+00:00,2025-12-16 06:18:00+00:00,1.2827,1.269873,-9.99999999999994,1.2,-11.199999999999939,LOSS,1,100.0,10
LIGHTUSDT,LONG,2025-12-16 06:18:00+00:00,2025-12-16 06:33:00+00:00,1.2736,1.260864,-10.000000000000062,1.2,-11.200000000000061,LOSS,5,100.0,10
LIGHTUSDT,LONG,2025-12-16 06:21:00+00:00,2025-12-16 07:00:00+00:00,1.267,1.25433,-9.999999999999968,1.2,-11.199999999999967,LOSS,13,100.0,10
LIGHTUSDT,LONG,2025-12-16 06:24:00+00:00,2025-12-16 06:57:00+00:00,1.271,1.25829,-10.0,1.2,-11.2,LOSS,11,100.0,10
LIGHTUSDT,LONG,2025-12-16 06:27:00+00:00,2025-12-16 07:00:00+00:00,1.2672,1.254528,-10.000000000000014,1.2,-11.200000000000014,LOSS,11,100.0,10
LIGHTUSDT,LONG,2025-12-16 06:51:00+00:00,2025-12-16 07:00:00+00:00,1.2658,1.253142,-10.000000000000044,1.2,-11.200000000000044,LOSS,3,100.0,10
LIGHTUSDT,LONG,2025-12-16 06:54:00+00:00,2025-12-16 07:00:00+00:00,1.2672,1.254528,-10.000000000000014,1.2,-11.200000000000014,LOSS,2,100.0,10
LIGHTUSDT,LONG,2025-12-16 08:09:00+00:00,2025-12-16 08:12:00+00:00,1.3048,1.291752,-9.999999999999961,1.2,-11.19999999999996,LOSS,1,100.0,10
LIGHTUSDT,LONG,2025-12-16 08:12:00+00:00,2025-12-16 08:15:00+00:00,1.3054,1.331508,20.000000000000018,1.2,18.80000000000002,WIN,1,100.0,10
LIGHTUSDT,LONG,2025-12-16 08:15:00+00:00,2025-12-16 08:18:00+00:00,1.3267,1.313433,-9.999999999999938,1.2,-11.199999999999937,LOSS,1,100.0,10
LIGHTUSDT,LONG,2025-12-16 08:24:00+00:00,2025-12-16 08:36:00+00:00,1.267,1.25433,-9.999999999999968,1.2,-11.199999999999967,LOSS,4,100.0,10
LIGHTUSDT,LONG,2025-12-16 08:33:00+00:00,2025-12-16 08:36:00+00:00,1.2726,1.259874,-10.000000000000014,1.2,-11.200000000000014,LOSS,1,100.0,10
LIGHTUSDT,LONG,2025-12-16 09:27:00+00:00,2025-12-16 09:30:00+00:00,1.2532,1.240668,-9.99999999999999,1.2,-11.199999999999989,LOSS,1,100.0,10
LIGHTUSDT,LONG,2025-12-16 10:33:00+00:00,2025-12-16 10:36:00+00:00,1.1425,1.16535,20.000000000000032,1.2,18.800000000000033,WIN,1,100.0,10
LIGHTUSDT,LONG,2025-12-16 13:00:00+00:00,2025-12-16 13:03:00+00:00,1.1484,1.136916,-10.000000000000043,1.2,-11.200000000000042,LOSS,1,100.0,10
LIGHTUSDT,LONG,2025-12-16 13:03:00+00:00,2025-12-16 13:06:00+00:00,1.1461,1.134639,-9.99999999999995,1.2,-11.19999999999995,LOSS,1,100.0,10
LIGHTUSDT,LONG,2025-12-16 14:39:00+00:00,2025-12-16 14:48:00+00:00,1.209,1.1969100000000001,-9.999999999999945,1.2,-11.199999999999944,LOSS,3,100.0,10
LIGHTUSDT,LONG,2025-12-16 14:42:00+00:00,2025-12-16 14:48:00+00:00,1.2112,1.1990880000000002,-9.999999999999917,1.2,-11.199999999999916,LOSS,2,100.0,10
LIGHTUSDT,LONG,2025-12-16 14:45:00+00:00,2025-12-16 14:48:00+00:00,1.2111,1.198989,-9.999999999999984,1.2,-11.199999999999983,LOSS,1,100.0,10
LIGHTUSDT,LONG,2025-12-16 14:48:00+00:00,2025-12-16 14:57:00+00:00,1.205,1.19295,-10.000000000000096,1.2,-11.200000000000095,LOSS,3,100.0,10
LIGHTUSDT,LONG,2025-12-16 14:51:00+00:00,2025-12-16 14:57:00+00:00,1.2025,1.190475,-9.999999999999963,1.2,-11.199999999999962,LOSS,2,100.0,10
LIGHTUSDT,LONG,2025-12-16 14:54:00+00:00,2025-12-16 15:03:00+00:00,1.1932,1.2170640000000001,20.00000000000009,1.2,18.80000000000009,WIN,3,100.0,10
LIGHTUSDT,LONG,2025-12-16 15:09:00+00:00,2025-12-16 15:15:00+00:00,1.214,1.20186,-10.000000000000034,1.2,-11.200000000000033,LOSS,2,100.0,10
LIGHTUSDT,LONG,2025-12-16 15:12:00+00:00,2025-12-16 15:15:00+00:00,1.2101,1.197999,-9.999999999999932,1.2,-11.199999999999932,LOSS,1,100.0,10
LIGHTUSDT,LONG,2025-12-16 15:15:00+00:00,2025-12-16 15:39:00+00:00,1.2001,1.224102,20.000000000000068,1.2,18.800000000000068,WIN,8,100.0,10
LIGHTUSDT,LONG,2025-12-16 15:18:00+00:00,2025-12-16 15:33:00+00:00,1.2081,1.196019,-10.000000000000007,1.2,-11.200000000000006,LOSS,5,100.0,10
LIGHTUSDT,LONG,2025-12-16 15:21:00+00:00,2025-12-16 15:33:00+00:00,1.2074,1.195326,-9.999999999999932,1.2,-11.199999999999932,LOSS,4,100.0,10
LIGHTUSDT,LONG,2025-12-16 15:39:00+00:00,2025-12-16 15:45:00+00:00,1.2314,1.2560280000000001,20.000000000000075,1.2,18.800000000000075,WIN,2,100.0,10
LIGHTUSDT,LONG,2025-12-16 15:42:00+00:00,2025-12-16 15:45:00+00:00,1.227,1.25154,20.000000000000004,1.2,18.800000000000004,WIN,1,100.0,10
LIGHTUSDT,LONG,2025-12-16 15:45:00+00:00,2025-12-16 15:54:00+00:00,1.2478,1.272756,19.999999999999982,1.2,18.799999999999983,WIN,3,100.0,10
LIGHTUSDT,LONG,2025-12-16 15:48:00+00:00,2025-12-16 15:54:00+00:00,1.2438,1.2686760000000001,20.0000000000001,1.2,18.8000000000001,WIN,2,100.0,10
LIGHTUSDT,LONG,2025-12-16 15:51:00+00:00,2025-12-16 15:54:00+00:00,1.2469,1.271838,20.000000000000107,1.2,18.800000000000107,WIN,1,100.0,10
LIGHTUSDT,LONG,2025-12-16 16:06:00+00:00,2025-12-16 16:12:00+00:00,1.2449,1.232451,-9.999999999999947,1.2,-11.199999999999946,LOSS,2,100.0,10
LIGHTUSDT,LONG,2025-12-16 16:09:00+00:00,2025-12-16 16:12:00+00:00,1.2476,1.235124,-9.999999999999945,1.2,-11.199999999999944,LOSS,1,100.0,10
LIGHTUSDT,LONG,2025-12-16 16:12:00+00:00,2025-12-16 16:21:00+00:00,1.2473,1.272246,19.999999999999925,1.2,18.799999999999926,WIN,3,100.0,10
LIGHTUSDT,LONG,2025-12-16 17:09:00+00:00,2025-12-16 17:12:00+00:00,1.4111,1.439322,19.99999999999998,1.2,18.79999999999998,WIN,1,100.0,10
LIGHTUSDT,LONG,2025-12-16 17:12:00+00:00,2025-12-16 17:18:00+00:00,1.4529,1.481958,20.000000000000018,1.2,18.80000000000002,WIN,2,100.0,10
LIGHTUSDT,LONG,2025-12-16 17:15:00+00:00,2025-12-16 17:21:00+00:00,1.4634,1.492668,20.00000000000005,1.2,18.80000000000005,WIN,2,100.0,10
LIGHTUSDT,LONG,2025-12-16 17:21:00+00:00,2025-12-16 17:24:00+00:00,1.4673,1.4966460000000001,20.000000000000064,1.2,18.800000000000065,WIN,1,100.0,10
LIGHTUSDT,LONG,2025-12-16 17:48:00+00:00,2025-12-16 17:51:00+00:00,1.5826,1.614252,20.000000000000007,1.2,18.800000000000008,WIN,1,100.0,10
LIGHTUSDT,LONG,2025-12-16 18:00:00+00:00,2025-12-16 18:03:00+00:00,1.5028,1.4877719999999999,-10.000000000000028,1.2,-11.200000000000028,LOSS,1,100.0,10
LIGHTUSDT,LONG,2025-12-16 18:03:00+00:00,2025-12-16 18:06:00+00:00,1.4998,1.484802,-10.000000000000044,1.2,-11.200000000000044,LOSS,1,100.0,10
LIGHTUSDT,LONG,2025-12-16 18:33:00+00:00,2025-12-16 18:42:00+00:00,1.5619,1.5931380000000002,20.000000000000064,1.2,18.800000000000065,WIN,3,100.0,10
LIGHTUSDT,LONG,2025-12-16 18:36:00+00:00,2025-12-16 18:45:00+00:00,1.5724,1.603848,19.99999999999995,1.2,18.79999999999995,WIN,3,100.0,10
LIGHTUSDT,LONG,2025-12-16 18:39:00+00:00,2025-12-16 18:48:00+00:00,1.5767,1.608234,19.999999999999968,1.2,18.79999999999997,WIN,3,100.0,10
LIGHTUSDT,LONG,2025-12-16 18:42:00+00:00,2025-12-16 18:54:00+00:00,1.5869,1.571031,-9.999999999999945,1.2,-11.199999999999944,LOSS,4,100.0,10
LIGHTUSDT,LONG,2025-12-16 18:45:00+00:00,2025-12-16 18:48:00+00:00,1.6009,1.584891,-9.999999999999963,1.2,-11.199999999999962,LOSS,1,100.0,10
LIGHTUSDT,LONG,2025-12-16 18:48:00+00:00,2025-12-16 18:54:00+00:00,1.5871,1.571229,-9.99999999999998,1.2,-11.19999999999998,LOSS,2,100.0,10
LIGHTUSDT,LONG,2025-12-16 19:00:00+00:00,2025-12-16 19:03:00+00:00,1.5957,1.579743,-10.0,1.2,-11.2,LOSS,1,100.0,10
LIGHTUSDT,LONG,2025-12-16 19:15:00+00:00,2025-12-16 19:24:00+00:00,1.5925,1.62435,19.999999999999957,1.2,18.799999999999958,WIN,3,100.0,10
LIGHTUSDT,LONG,2025-12-16 19:24:00+00:00,2025-12-16 19:27:00+00:00,1.6206,1.604394,-9.999999999999963,1.2,-11.199999999999962,LOSS,1,100.0,10
LIGHTUSDT,LONG,2025-12-16 19:27:00+00:00,2025-12-16 19:33:00+00:00,1.5933,1.577367,-9.999999999999984,1.2,-11.199999999999983,LOSS,2,100.0,10
LIGHTUSDT,LONG,2025-12-16 19:30:00+00:00,2025-12-16 19:33:00+00:00,1.5838,1.567962,-10.00000000000001,1.2,-11.20000000000001,LOSS,1,100.0,10
LIGHTUSDT,LONG,2025-12-16 19:33:00+00:00,2025-12-16 19:36:00+00:00,1.5758,1.5600420000000002,-9.999999999999961,1.2,-11.19999999999996,LOSS,1,100.0,10
LIGHTUSDT,LONG,2025-12-16 20:21:00+00:00,2025-12-16 20:30:00+00:00,1.5074,1.5375480000000001,20.00000000000004,1.2,18.80000000000004,WIN,3,100.0,10
LIGHTUSDT,LONG,2025-12-16 21:27:00+00:00,2025-12-16 21:30:00+00:00,1.5054,1.490346,-10.000000000000082,1.2,-11.200000000000081,LOSS,1,100.0,10
LIGHTUSDT,LONG,2025-12-16 22:57:00+00:00,2025-12-16 23:09:00+00:00,1.506,1.49094,-10.00000000000005,1.2,-11.200000000000049,LOSS,4,100.0,10
LIGHTUSDT,LONG,2025-12-16 23:36:00+00:00,2025-12-16 23:45:00+00:00,1.5326,1.563252,20.000000000000078,1.2,18.80000000000008,WIN,3,100.0,10
LIGHTUSDT,LONG,2025-12-16 23:39:00+00:00,2025-12-16 23:45:00+00:00,1.546,1.57692,20.00000000000004,1.2,18.80000000000004,WIN,2,100.0,10
LIGHTUSDT,LONG,2025-12-16 23:42:00+00:00,2025-12-16 23:45:00+00:00,1.5523,1.536777,-9.999999999999972,1.2,-11.19999999999997,LOSS,1,100.0,10
LIGHTUSDT,LONG,2025-12-16 23:45:00+00:00,2025-12-17 00:00:00+00:00,1.5327,1.563354,19.99999999999997,1.2,18.799999999999972,WIN,5,100.0,10
LIGHTUSDT,LONG,2025-12-16 23:48:00+00:00,2025-12-17 00:00:00+00:00,1.5297,1.560294,20.000000000000007,1.2,18.800000000000008,WIN,4,100.0,10
LIGHTUSDT,LONG,2025-12-16 23:51:00+00:00,2025-12-16 23:57:00+00:00,1.5491,1.533609,-9.99999999999995,1.2,-11.19999999999995,LOSS,2,100.0,10
LIGHTUSDT,LONG,2025-12-16 23:54:00+00:00,2025-12-16 23:57:00+00:00,1.5477,1.5322230000000001,-9.999999999999975,1.2,-11.199999999999974,LOSS,1,100.0,10
LIGHTUSDT,LONG,2025-12-16 23:57:00+00:00,2025-12-17 00:03:00+00:00,1.5562,1.540638,-10.00000000000005,1.2,-11.200000000000049,LOSS,2,100.0,10
LIGHTUSDT,LONG,2025-12-17 00:00:00+00:00,2025-12-17 00:03:00+00:00,1.561,1.5453899999999998,-10.00000000000008,1.2,-11.20000000000008,LOSS,1,100.0,10
LIGHTUSDT,LONG,2025-12-17 00:03:00+00:00,2025-12-17 00:09:00+00:00,1.5405,1.5250949999999999,-10.000000000000073,1.2,-11.200000000000072,LOSS,2,100.0,10
LIGHTUSDT,LONG,2025-12-17 00:06:00+00:00,2025-12-17 00:09:00+00:00,1.542,1.52658,-9.999999999999993,1.2,-11.199999999999992,LOSS,1,100.0,10
LIGHTUSDT,LONG,2025-12-17 00:09:00+00:00,2025-12-17 00:21:00+00:00,1.5178,1.548156,20.000000000000032,1.2,18.800000000000033,WIN,4,100.0,10
LIGHTUSDT,LONG,2025-12-17 00:30:00+00:00,2025-12-17 00:33:00+00:00,1.5669,1.551231,-9.999999999999957,1.2,-11.199999999999957,LOSS,1,100.0,10
LIGHTUSDT,LONG,2025-12-17 00:33:00+00:00,2025-12-17 00:39:00+00:00,1.5466,1.531134,-9.999999999999986,1.2,-11.199999999999985,LOSS,2,100.0,10
LIGHTUSDT,LONG,2025-12-17 00:36:00+00:00,2025-12-17 00:39:00+00:00,1.5402,1.524798,-9.999999999999945,1.2,-11.199999999999944,LOSS,1,100.0,10
LIGHTUSDT,LONG,2025-12-17 00:39:00+00:00,2025-12-17 00:48:00+00:00,1.5455,1.57641,19.999999999999993,1.2,18.799999999999994,WIN,3,100.0,10
LIGHTUSDT,LONG,2025-12-17 00:42:00+00:00,2025-12-17 00:48:00+00:00,1.5465,1.57743,20.000000000000078,1.2,18.80000000000008,WIN,2,100.0,10
LIGHTUSDT,LONG,2025-12-17 00:45:00+00:00,2025-12-17 00:48:00+00:00,1.5643,1.548657,-10.000000000000046,1.2,-11.200000000000045,LOSS,1,100.0,10
LIGHTUSDT,LONG,2025-12-17 00:48:00+00:00,2025-12-17 00:51:00+00:00,1.5501,1.534599,-9.999999999999991,1.2,-11.19999999999999,LOSS,1,100.0,10
LIGHTUSDT,LONG,2025-12-17 00:51:00+00:00,2025-12-17 01:15:00+00:00,1.5562,1.540638,-10.00000000000005,1.2,-11.200000000000049,LOSS,8,100.0,10
LIGHTUSDT,LONG,2025-12-17 01:03:00+00:00,2025-12-17 01:15:00+00:00,1.5558,1.540242,-9.999999999999975,1.2,-11.199999999999974,LOSS,4,100.0,10
LIGHTUSDT,LONG,2025-12-17 01:06:00+00:00,2025-12-17 01:15:00+00:00,1.5573,1.5417269999999998,-10.000000000000037,1.2,-11.200000000000037,LOSS,3,100.0,10
LIGHTUSDT,LONG,2025-12-17 01:12:00+00:00,2025-12-17 01:15:00+00:00,1.557,1.5414299999999999,-10.000000000000053,1.2,-11.200000000000053,LOSS,1,100.0,10
LIGHTUSDT,LONG,2025-12-17 01:24:00+00:00,2025-12-17 01:27:00+00:00,1.5703,1.601706,20.00000000000003,1.2,18.80000000000003,WIN,1,100.0,10
LIGHTUSDT,LONG,2025-12-17 01:27:00+00:00,2025-12-17 01:33:00+00:00,1.5748,1.5590519999999999,-10.00000000000006,1.2,-11.20000000000006,LOSS,2,100.0,10
LIGHTUSDT,LONG,2025-12-17 01:30:00+00:00,2025-12-17 01:36:00+00:00,1.5673,1.5516269999999999,-10.000000000000032,1.2,-11.200000000000031,LOSS,2,100.0,10
LIGHTUSDT,LONG,2025-12-17 01:33:00+00:00,2025-12-17 02:12:00+00:00,1.5593,1.5904859999999998,19.999999999999957,1.2,18.799999999999958,WIN,13,100.0,10
LIGHTUSDT,LONG,2025-12-17 01:36:00+00:00,2025-12-17 02:12:00+00:00,1.5573,1.588446,20.000000000000075,1.2,18.800000000000075,WIN,12,100.0,10
LIGHTUSDT,LONG,2025-12-17 01:39:00+00:00,2025-12-17 02:12:00+00:00,1.5577,1.5888540000000002,20.000000000000078,1.2,18.80000000000008,WIN,11,100.0,10
LIGHTUSDT,LONG,2025-12-17 01:42:00+00:00,2025-12-17 01:51:00+00:00,1.5645,1.548855,-9.999999999999941,1.2,-11.19999999999994,LOSS,3,100.0,10
LIGHTUSDT,LONG,2025-12-17 01:45:00+00:00,2025-12-17 01:51:00+00:00,1.5617,1.546083,-9.999999999999996,1.2,-11.199999999999996,LOSS,2,100.0,10
LIGHTUSDT,LONG,2025-12-17 01:48:00+00:00,2025-12-17 01:51:00+00:00,1.561,1.5453899999999998,-10.00000000000008,1.2,-11.20000000000008,LOSS,1,100.0,10
LIGHTUSDT,LONG,2025-12-17 02:00:00+00:00,2025-12-17 02:18:00+00:00,1.5728,1.604256,19.999999999999957,1.2,18.799999999999958,WIN,6,100.0,10
LIGHTUSDT,LONG,2025-12-17 02:03:00+00:00,2025-12-17 02:18:00+00:00,1.5712,1.602624,20.000000000000075,1.2,18.800000000000075,WIN,5,100.0,10
LIGHTUSDT,LONG,2025-12-17 02:06:00+00:00,2025-12-17 02:18:00+00:00,1.5684,1.599768,20.00000000000004,1.2,18.80000000000004,WIN,4,100.0,10
LIGHTUSDT,LONG,2025-12-17 02:09:00+00:00,2025-12-17 02:21:00+00:00,1.5777,1.5619230000000002,-9.999999999999956,1.2,-11.199999999999955,LOSS,4,100.0,10
LIGHTUSDT,LONG,2025-12-17 02:12:00+00:00,2025-12-17 02:21:00+00:00,1.581,1.5651899999999999,-10.000000000000064,1.2,-11.200000000000063,LOSS,3,100.0,10
LIGHTUSDT,LONG,2025-12-17 02:24:00+00:00,2025-12-17 02:30:00+00:00,1.5607,1.545093,-9.999999999999954,1.2,-11.199999999999953,LOSS,2,100.0,10
LIGHTUSDT,LONG,2025-12-17 03:15:00+00:00,2025-12-17 03:30:00+00:00,1.574,1.55826,-10.000000000000055,1.2,-11.200000000000054,LOSS,5,100.0,10
LIGHTUSDT,LONG,2025-12-17 04:00:00+00:00,2025-12-17 04:06:00+00:00,1.5865,1.570635,-10.00000000000001,1.2,-11.20000000000001,LOSS,2,100.0,10
LIGHTUSDT,LONG,2025-12-17 04:03:00+00:00,2025-12-17 04:06:00+00:00,1.5854,1.5695459999999999,-10.000000000000021,1.2,-11.20000000000002,LOSS,1,100.0,10
LIGHTUSDT,LONG,2025-12-17 04:06:00+00:00,2025-12-17 04:24:00+00:00,1.5738,1.558062,-10.000000000000018,1.2,-11.200000000000017,LOSS,6,100.0,10
LIGHTUSDT,LONG,2025-12-17 04:09:00+00:00,2025-12-17 04:18:00+00:00,1.5765,1.560735,-10.000000000000018,1.2,-11.200000000000017,LOSS,3,100.0,10
LIGHTUSDT,LONG,2025-12-17 04:12:00+00:00,2025-12-17 04:24:00+00:00,1.5718,1.556082,-10.000000000000075,1.2,-11.200000000000074,LOSS,4,100.0,10
LIGHTUSDT,LONG,2025-12-17 04:15:00+00:00,2025-12-17 04:24:00+00:00,1.5708,1.555092,-10.000000000000036,1.2,-11.200000000000035,LOSS,3,100.0,10
LIGHTUSDT,LONG,2025-12-17 04:18:00+00:00,2025-12-17 04:24:00+00:00,1.5685,1.552815,-9.999999999999966,1.2,-11.199999999999966,LOSS,2,100.0,10
LIGHTUSDT,LONG,2025-12-17 04:21:00+00:00,2025-12-17 04:24:00+00:00,1.5669,1.551231,-9.999999999999957,1.2,-11.199999999999957,LOSS,1,100.0,10
LIGHTUSDT,LONG,2025-12-17 04:24:00+00:00,2025-12-17 04:27:00+00:00,1.559,1.54341,-9.999999999999996,1.2,-11.199999999999996,LOSS,1,100.0,10
LIGHTUSDT,LONG,2025-12-17 05:00:00+00:00,2025-12-17 05:03:00+00:00,1.5985,1.63047,20.000000000000032,1.2,18.800000000000033,WIN,1,100.0,10
LIGHTUSDT,LONG,2025-12-17 05:06:00+00:00,2025-12-17 05:09:00+00:00,1.6386,1.622214,-10.000000000000007,1.2,-11.200000000000006,LOSS,1,100.0,10
LIGHTUSDT,LONG,2025-12-17 05:09:00+00:00,2025-12-17 05:15:00+00:00,1.6279,1.611621,-9.99999999999996,1.2,-11.199999999999958,LOSS,2,100.0,10
LIGHTUSDT,LONG,2025-12-17 05:12:00+00:00,2025-12-17 05:15:00+00:00,1.6277,1.6114229999999998,-10.00000000000006,1.2,-11.20000000000006,LOSS,1,100.0,10
LIGHTUSDT,LONG,2025-12-17 05:15:00+00:00,2025-12-17 05:21:00+00:00,1.6176,1.6499519999999999,19.99999999999996,1.2,18.79999999999996,WIN,2,100.0,10
LIGHTUSDT,LONG,2025-12-17 05:24:00+00:00,2025-12-17 05:27:00+00:00,1.6181,1.601919,-10.0,1.2,-11.2,LOSS,1,100.0,10
CLOUSDT,SHORT,2025-12-15 05:09:00+00:00,2025-12-15 06:18:00+00:00,0.2739,0.268422,19.999999999999936,1.2,18.799999999999937,WIN,23,100.0,10
CLOUSDT,SHORT,2025-12-15 05:45:00+00:00,2025-12-15 06:18:00+00:00,0.2735,0.26803,20.000000000000107,1.2,18.800000000000107,WIN,11,100.0,10
CLOUSDT,SHORT,2025-12-15 05:51:00+00:00,2025-12-15 06:18:00+00:00,0.272,0.26656,20.0,1.2,18.8,WIN,9,100.0,10
CLOUSDT,SHORT,2025-12-15 09:57:00+00:00,2025-12-15 12:18:00+00:00,0.2651,0.267751,-10.000000000000053,1.2,-11.200000000000053,LOSS,47,100.0,10
CLOUSDT,SHORT,2025-12-15 10:00:00+00:00,2025-12-15 12:15:00+00:00,0.2642,0.26684199999999997,-9.999999999999915,1.2,-11.199999999999914,LOSS,45,100.0,10
CLOUSDT,SHORT,2025-12-15 10:09:00+00:00,2025-12-15 10:21:00+00:00,0.2631,0.265731,-9.999999999999979,1.2,-11.199999999999978,LOSS,4,100.0,10
CLOUSDT,SHORT,2025-12-15 10:15:00+00:00,2025-12-15 10:21:00+00:00,0.2633,0.265933,-9.999999999999988,1.2,-11.199999999999987,LOSS,2,100.0,10
CLOUSDT,SHORT,2025-12-15 10:57:00+00:00,2025-12-15 12:15:00+00:00,0.2642,0.26684199999999997,-9.999999999999915,1.2,-11.199999999999914,LOSS,26,100.0,10
CLOUSDT,LONG,2025-12-15 13:12:00+00:00,2025-12-15 13:30:00+00:00,0.2699,0.26720099999999997,-10.000000000000027,1.2,-11.200000000000026,LOSS,6,100.0,10
CLOUSDT,LONG,2025-12-15 13:21:00+00:00,2025-12-15 13:33:00+00:00,0.2689,0.266211,-9.99999999999999,1.2,-11.199999999999989,LOSS,4,100.0,10
CLOUSDT,SHORT,2025-12-15 17:15:00+00:00,2025-12-15 17:30:00+00:00,0.2581,0.260681,-10.0,1.2,-11.2,LOSS,5,100.0,10
CLOUSDT,LONG,2025-12-15 22:06:00+00:00,2025-12-15 22:24:00+00:00,0.2597,0.25710299999999997,-10.000000000000062,1.2,-11.200000000000061,LOSS,6,100.0,10
CLOUSDT,LONG,2025-12-15 22:42:00+00:00,2025-12-16 00:00:00+00:00,0.2599,0.257301,-10.00000000000007,1.2,-11.200000000000069,LOSS,26,100.0,10
CLOUSDT,SHORT,2025-12-15 23:24:00+00:00,2025-12-16 00:24:00+00:00,0.2603,0.255094,19.999999999999957,1.2,18.799999999999958,WIN,20,100.0,10
CLOUSDT,SHORT,2025-12-16 01:33:00+00:00,2025-12-16 01:39:00+00:00,0.2522,0.254722,-10.000000000000098,1.2,-11.200000000000097,LOSS,2,100.0,10
CLOUSDT,SHORT,2025-12-16 04:24:00+00:00,2025-12-16 06:18:00+00:00,0.2499,0.25239900000000004,-10.000000000000115,1.2,-11.200000000000115,LOSS,38,100.0,10
CLOUSDT,SHORT,2025-12-16 04:27:00+00:00,2025-12-16 06:18:00+00:00,0.2499,0.25239900000000004,-10.000000000000115,1.2,-11.200000000000115,LOSS,37,100.0,10
CLOUSDT,SHORT,2025-12-16 04:30:00+00:00,2025-12-16 06:18:00+00:00,0.2494,0.251894,-9.999999999999984,1.2,-11.199999999999983,LOSS,36,100.0,10
CLOUSDT,SHORT,2025-12-16 08:42:00+00:00,2025-12-16 09:09:00+00:00,0.2569,0.251762,20.00000000000012,1.2,18.80000000000012,WIN,9,100.0,10
CLOUSDT,SHORT,2025-12-16 12:51:00+00:00,2025-12-16 13:06:00+00:00,0.2288,0.224224,19.999999999999986,1.2,18.799999999999986,WIN,5,100.0,10
CLOUSDT,SHORT,2025-12-16 12:54:00+00:00,2025-12-16 13:06:00+00:00,0.2292,0.22461599999999998,20.00000000000002,1.2,18.800000000000022,WIN,4,100.0,10
CLOUSDT,SHORT,2025-12-16 12:57:00+00:00,2025-12-16 13:03:00+00:00,0.2302,0.225596,19.999999999999986,1.2,18.799999999999986,WIN,2,100.0,10
CLOUSDT,SHORT,2025-12-16 13:00:00+00:00,2025-12-16 13:06:00+00:00,0.2291,0.224518,20.000000000000007,1.2,18.800000000000008,WIN,2,100.0,10
CLOUSDT,SHORT,2025-12-16 14:06:00+00:00,2025-12-16 14:12:00+00:00,0.2194,0.221594,-10.000000000000007,1.2,-11.200000000000006,LOSS,2,100.0,10
CLOUSDT,SHORT,2025-12-16 14:09:00+00:00,2025-12-16 14:15:00+00:00,0.2208,0.223008,-10.00000000000007,1.2,-11.200000000000069,LOSS,2,100.0,10
CLOUSDT,SHORT,2025-12-16 16:48:00+00:00,2025-12-16 17:12:00+00:00,0.2212,0.216776,20.00000000000005,1.2,18.80000000000005,WIN,8,100.0,10
CLOUSDT,SHORT,2025-12-16 16:54:00+00:00,2025-12-16 17:12:00+00:00,0.2211,0.21667799999999998,20.00000000000004,1.2,18.80000000000004,WIN,6,100.0,10
CLOUSDT,SHORT,2025-12-16 20:45:00+00:00,2025-12-16 21:03:00+00:00,0.2158,0.21795799999999999,-9.999999999999968,1.2,-11.199999999999967,LOSS,6,100.0,10
CLOUSDT,SHORT,2025-12-16 20:57:00+00:00,2025-12-16 21:06:00+00:00,0.2172,0.219372,-10.000000000000034,1.2,-11.200000000000033,LOSS,3,100.0,10
CLOUSDT,SHORT,2025-12-16 23:15:00+00:00,2025-12-16 23:21:00+00:00,0.2178,0.219978,-10.00000000000006,1.2,-11.20000000000006,LOSS,2,100.0,10
CLOUSDT,SHORT,2025-12-16 23:42:00+00:00,2025-12-17 00:00:00+00:00,0.2177,0.21987700000000002,-10.000000000000055,1.2,-11.200000000000054,LOSS,6,100.0,10
CLOUSDT,LONG,2025-12-17 00:24:00+00:00,2025-12-17 00:42:00+00:00,0.2179,0.215721,-10.000000000000064,1.2,-11.200000000000063,LOSS,6,100.0,10
CLOUSDT,SHORT,2025-12-17 01:21:00+00:00,2025-12-17 02:21:00+00:00,0.2163,0.211974,19.999999999999982,1.2,18.799999999999983,WIN,20,100.0,10
CLOUSDT,SHORT,2025-12-17 01:24:00+00:00,2025-12-17 02:21:00+00:00,0.2159,0.211582,20.00000000000007,1.2,18.80000000000007,WIN,19,100.0,10
CLOUSDT,SHORT,2025-12-17 01:39:00+00:00,2025-12-17 02:15:00+00:00,0.2169,0.212562,20.00000000000004,1.2,18.80000000000004,WIN,12,100.0,10
COAIUSDT,SHORT,2025-12-15 06:36:00+00:00,2025-12-15 06:42:00+00:00,0.5918,0.597718,-9.999999999999963,1.2,-11.199999999999962,LOSS,2,100.0,10
COAIUSDT,SHORT,2025-12-15 06:39:00+00:00,2025-12-15 06:45:00+00:00,0.5941,0.6000409999999999,-9.999999999999957,1.2,-11.199999999999957,LOSS,2,100.0,10
COAIUSDT,SHORT,2025-12-15 08:51:00+00:00,2025-12-15 12:00:00+00:00,0.5546,0.560146,-10.000000000000092,1.2,-11.200000000000092,LOSS,63,100.0,10
COAIUSDT,SHORT,2025-12-15 09:06:00+00:00,2025-12-15 11:36:00+00:00,0.5498,0.555298,-10.000000000000004,1.2,-11.200000000000003,LOSS,50,100.0,10
COAIUSDT,SHORT,2025-12-15 09:15:00+00:00,2025-12-15 09:51:00+00:00,0.5475,0.552975,-10.000000000000014,1.2,-11.200000000000014,LOSS,12,100.0,10
COAIUSDT,SHORT,2025-12-15 09:18:00+00:00,2025-12-15 09:51:00+00:00,0.5478,0.5532779999999999,-9.999999999999968,1.2,-11.199999999999967,LOSS,11,100.0,10
COAIUSDT,SHORT,2025-12-15 09:21:00+00:00,2025-12-15 09:51:00+00:00,0.5472,0.552672,-10.00000000000006,1.2,-11.20000000000006,LOSS,10,100.0,10
COAIUSDT,LONG,2025-12-15 10:45:00+00:00,2025-12-15 11:00:00+00:00,0.5534,0.547866,-10.00000000000007,1.2,-11.200000000000069,LOSS,5,100.0,10
COAIUSDT,SHORT,2025-12-15 13:51:00+00:00,2025-12-15 13:54:00+00:00,0.5411,0.5465110000000001,-10.0000000000001,1.2,-11.200000000000099,LOSS,1,100.0,10
COAIUSDT,SHORT,2025-12-15 15:42:00+00:00,2025-12-15 16:00:00+00:00,0.5281,0.533381,-9.999999999999963,1.2,-11.199999999999962,LOSS,6,100.0,10
COAIUSDT,LONG,2025-12-15 22:03:00+00:00,2025-12-16 00:06:00+00:00,0.5402,0.551004,20.000000000000068,1.2,18.800000000000068,WIN,41,100.0,10
COAIUSDT,LONG,2025-12-15 23:36:00+00:00,2025-12-16 00:48:00+00:00,0.5455,0.55641,19.999999999999957,1.2,18.799999999999958,WIN,24,100.0,10
COAIUSDT,LONG,2025-12-15 23:39:00+00:00,2025-12-16 00:48:00+00:00,0.5459,0.556818,19.999999999999968,1.2,18.79999999999997,WIN,23,100.0,10
COAIUSDT,LONG,2025-12-16 00:33:00+00:00,2025-12-16 01:00:00+00:00,0.5507,0.5617139999999999,19.999999999999943,1.2,18.799999999999944,WIN,9,100.0,10
COAIUSDT,SHORT,2025-12-16 08:06:00+00:00,2025-12-16 08:12:00+00:00,0.6376,0.624848,19.99999999999998,1.2,18.79999999999998,WIN,2,100.0,10
COAIUSDT,SHORT,2025-12-16 11:06:00+00:00,2025-12-16 11:12:00+00:00,0.5719,0.5604619999999999,20.000000000000107,1.2,18.800000000000107,WIN,2,100.0,10
COAIUSDT,SHORT,2025-12-16 11:09:00+00:00,2025-12-16 11:30:00+00:00,0.5666,0.572266,-10.000000000000107,1.2,-11.200000000000106,LOSS,7,100.0,10
COAIUSDT,SHORT,2025-12-16 11:12:00+00:00,2025-12-16 11:27:00+00:00,0.5628,0.5684279999999999,-9.999999999999941,1.2,-11.19999999999994,LOSS,5,100.0,10
COAIUSDT,SHORT,2025-12-16 11:21:00+00:00,2025-12-16 11:30:00+00:00,0.5644,0.570044,-9.999999999999968,1.2,-11.199999999999967,LOSS,3,100.0,10
COAIUSDT,SHORT,2025-12-16 11:24:00+00:00,2025-12-16 11:30:00+00:00,0.5671,0.572771,-9.999999999999966,1.2,-11.199999999999966,LOSS,2,100.0,10
COAIUSDT,SHORT,2025-12-16 13:06:00+00:00,2025-12-16 13:09:00+00:00,0.5632,0.568832,-9.999999999999947,1.2,-11.199999999999946,LOSS,1,100.0,10
COAIUSDT,SHORT,2025-12-16 13:09:00+00:00,2025-12-16 13:15:00+00:00,0.5666,0.572266,-10.000000000000107,1.2,-11.200000000000106,LOSS,2,100.0,10
COAIUSDT,SHORT,2025-12-16 13:12:00+00:00,2025-12-16 13:15:00+00:00,0.5657,0.571357,-10.000000000000043,1.2,-11.200000000000042,LOSS,1,100.0,10
COAIUSDT,SHORT,2025-12-16 16:00:00+00:00,2025-12-16 16:24:00+00:00,0.5712,0.5769120000000001,-10.000000000000087,1.2,-11.200000000000086,LOSS,8,100.0,10
COAIUSDT,SHORT,2025-12-16 16:18:00+00:00,2025-12-16 16:21:00+00:00,0.5684,0.574084,-10.000000000000037,1.2,-11.200000000000037,LOSS,1,100.0,10
COAIUSDT,SHORT,2025-12-16 16:21:00+00:00,2025-12-16 16:24:00+00:00,0.5709,0.5766089999999999,-9.999999999999938,1.2,-11.199999999999937,LOSS,1,100.0,10
COAIUSDT,SHORT,2025-12-16 16:24:00+00:00,2025-12-16 17:00:00+00:00,0.5744,0.580144,-9.99999999999995,1.2,-11.19999999999995,LOSS,12,100.0,10
COAIUSDT,SHORT,2025-12-16 16:27:00+00:00,2025-12-16 16:57:00+00:00,0.5722,0.577922,-10.000000000000007,1.2,-11.200000000000006,LOSS,10,100.0,10
COAIUSDT,SHORT,2025-12-16 16:39:00+00:00,2025-12-16 16:51:00+00:00,0.5696,0.575296,-10.00000000000006,1.2,-11.20000000000006,LOSS,4,100.0,10
COAIUSDT,SHORT,2025-12-16 19:24:00+00:00,2025-12-16 19:51:00+00:00,0.5742,0.5799420000000001,-10.000000000000043,1.2,-11.200000000000042,LOSS,9,100.0,10
COAIUSDT,SHORT,2025-12-16 19:27:00+00:00,2025-12-16 19:51:00+00:00,0.5735,0.579235,-10.00000000000008,1.2,-11.20000000000008,LOSS,8,100.0,10
COAIUSDT,SHORT,2025-12-16 22:24:00+00:00,2025-12-16 23:51:00+00:00,0.566,0.57166,-9.999999999999998,1.2,-11.199999999999998,LOSS,29,100.0,10
COAIUSDT,SHORT,2025-12-17 04:54:00+00:00,2025-12-17 05:30:00+00:00,0.5213,0.526513,-10.000000000000044,1.2,-11.200000000000044,LOSS,12,100.0,10
COAIUSDT,SHORT,2025-12-17 04:57:00+00:00,2025-12-17 05:33:00+00:00,0.522,0.52722,-10.000000000000004,1.2,-11.200000000000003,LOSS,12,100.0,10
COAIUSDT,SHORT,2025-12-17 05:00:00+00:00,2025-12-17 05:06:00+00:00,0.5178,0.522978,-10.000000000000028,1.2,-11.200000000000028,LOSS,2,100.0,10
GUNUSDT,LONG,2025-12-15 05:30:00+00:00,2025-12-15 05:42:00+00:00,0.02179,0.0215721,-10.000000000000002,1.2,-11.200000000000001,LOSS,4,100.0,10
GUNUSDT,LONG,2025-12-15 05:33:00+00:00,2025-12-15 05:42:00+00:00,0.02177,0.0215523,-10.000000000000055,1.2,-11.200000000000054,LOSS,3,100.0,10
GUNUSDT,LONG,2025-12-15 05:36:00+00:00,2025-12-15 05:42:00+00:00,0.02181,0.0215919,-9.999999999999948,1.2,-11.199999999999948,LOSS,2,100.0,10
GUNUSDT,LONG,2025-12-15 05:39:00+00:00,2025-12-15 05:42:00+00:00,0.0218,0.021582,-9.999999999999975,1.2,-11.199999999999974,LOSS,1,100.0,10
GUNUSDT,LONG,2025-12-15 07:00:00+00:00,2025-12-15 07:03:00+00:00,0.02195,0.0217305,-10.000000000000043,1.2,-11.200000000000042,LOSS,1,100.0,10
GUNUSDT,LONG,2025-12-15 07:33:00+00:00,2025-12-15 07:48:00+00:00,0.02183,0.022266599999999998,19.999999999999943,1.2,18.799999999999944,WIN,5,100.0,10
GUNUSDT,LONG,2025-12-15 07:36:00+00:00,2025-12-15 07:48:00+00:00,0.02171,0.0221442,19.99999999999996,1.2,18.79999999999996,WIN,4,100.0,10
GUNUSDT,LONG,2025-12-15 07:39:00+00:00,2025-12-15 07:48:00+00:00,0.02181,0.0222462,20.000000000000053,1.2,18.800000000000054,WIN,3,100.0,10
GUNUSDT,LONG,2025-12-15 07:42:00+00:00,2025-12-15 07:48:00+00:00,0.02177,0.0222054,19.99999999999995,1.2,18.79999999999995,WIN,2,100.0,10
GUNUSDT,LONG,2025-12-15 07:45:00+00:00,2025-12-15 08:06:00+00:00,0.02196,0.0223992,20.000000000000032,1.2,18.800000000000033,WIN,7,100.0,10
GUNUSDT,LONG,2025-12-15 07:48:00+00:00,2025-12-15 08:06:00+00:00,0.02206,0.0225012,19.999999999999968,1.2,18.79999999999997,WIN,6,100.0,10
GUNUSDT,LONG,2025-12-15 07:51:00+00:00,2025-12-15 08:06:00+00:00,0.02205,0.022491,20.000000000000018,1.2,18.80000000000002,WIN,5,100.0,10
GUNUSDT,LONG,2025-12-15 08:00:00+00:00,2025-12-15 08:06:00+00:00,0.02208,0.0225216,20.000000000000014,1.2,18.800000000000015,WIN,2,100.0,10
GUNUSDT,LONG,2025-12-15 08:03:00+00:00,2025-12-15 08:06:00+00:00,0.02222,0.0226644,20.000000000000043,1.2,18.800000000000043,WIN,1,100.0,10
GUNUSDT,LONG,2025-12-15 08:36:00+00:00,2025-12-15 08:39:00+00:00,0.02395,0.0237105,-10.000000000000004,1.2,-11.200000000000003,LOSS,1,100.0,10
GUNUSDT,LONG,2025-12-15 08:39:00+00:00,2025-12-15 08:42:00+00:00,0.02367,0.0234333,-9.999999999999975,1.2,-11.199999999999974,LOSS,1,100.0,10
GUNUSDT,LONG,2025-12-15 08:42:00+00:00,2025-12-15 08:48:00+00:00,0.02371,0.023472899999999998,-10.000000000000021,1.2,-11.20000000000002,LOSS,2,100.0,10
GUNUSDT,LONG,2025-12-15 08:45:00+00:00,2025-12-15 08:48:00+00:00,0.02371,0.023472899999999998,-10.000000000000021,1.2,-11.20000000000002,LOSS,1,100.0,10
GUNUSDT,LONG,2025-12-15 08:48:00+00:00,2025-12-15 08:57:00+00:00,0.02336,0.0238272,20.00000000000004,1.2,18.80000000000004,WIN,3,100.0,10
GUNUSDT,LONG,2025-12-15 08:51:00+00:00,2025-12-15 08:57:00+00:00,0.02347,0.023939400000000003,20.00000000000007,1.2,18.80000000000007,WIN,2,100.0,10
GUNUSDT,LONG,2025-12-15 10:51:00+00:00,2025-12-15 10:57:00+00:00,0.02387,0.023631299999999997,-10.00000000000006,1.2,-11.20000000000006,LOSS,2,100.0,10
GUNUSDT,LONG,2025-12-15 10:54:00+00:00,2025-12-15 10:57:00+00:00,0.02383,0.0235917,-10.000000000000014,1.2,-11.200000000000014,LOSS,1,100.0,10
GUNUSDT,LONG,2025-12-15 10:57:00+00:00,2025-12-15 11:06:00+00:00,0.02367,0.0241434,19.99999999999995,1.2,18.79999999999995,WIN,3,100.0,10
GUNUSDT,LONG,2025-12-15 11:00:00+00:00,2025-12-15 11:06:00+00:00,0.02365,0.024123000000000002,20.00000000000005,1.2,18.80000000000005,WIN,2,100.0,10
GUNUSDT,LONG,2025-12-15 12:06:00+00:00,2025-12-15 12:09:00+00:00,0.02524,0.0249876,-9.999999999999996,1.2,-11.199999999999996,LOSS,1,100.0,10
GUNUSDT,LONG,2025-12-15 12:09:00+00:00,2025-12-15 12:12:00+00:00,0.02468,0.0251736,20.000000000000007,1.2,18.800000000000008,WIN,1,100.0,10
GUNUSDT,LONG,2025-12-15 12:12:00+00:00,2025-12-15 12:15:00+00:00,0.02502,0.0247698,-9.999999999999961,1.2,-11.19999999999996,LOSS,1,100.0,10
GUNUSDT,LONG,2025-12-15 12:15:00+00:00,2025-12-15 12:24:00+00:00,0.0246,0.024354,-9.999999999999988,1.2,-11.199999999999987,LOSS,3,100.0,10
GUNUSDT,LONG,2025-12-15 14:15:00+00:00,2025-12-15 14:36:00+00:00,0.02447,0.0249594,20.00000000000004,1.2,18.80000000000004,WIN,7,100.0,10
GUNUSDT,LONG,2025-12-15 14:21:00+00:00,2025-12-15 14:36:00+00:00,0.02456,0.0250512,20.00000000000003,1.2,18.80000000000003,WIN,5,100.0,10
GUNUSDT,LONG,2025-12-15 14:45:00+00:00,2025-12-15 14:57:00+00:00,0.02446,0.024215399999999998,-10.000000000000044,1.2,-11.200000000000044,LOSS,4,100.0,10
GUNUSDT,LONG,2025-12-15 14:48:00+00:00,2025-12-15 14:54:00+00:00,0.02455,0.0243045,-9.999999999999966,1.2,-11.199999999999966,LOSS,2,100.0,10
GUNUSDT,LONG,2025-12-15 14:51:00+00:00,2025-12-15 14:54:00+00:00,0.02454,0.0242946,-9.999999999999991,1.2,-11.19999999999999,LOSS,1,100.0,10
GUNUSDT,LONG,2025-12-15 14:54:00+00:00,2025-12-15 15:03:00+00:00,0.02425,0.024735,19.99999999999997,1.2,18.799999999999972,WIN,3,100.0,10
GUNUSDT,SHORT,2025-12-15 23:15:00+00:00,2025-12-16 00:03:00+00:00,0.02053,0.020735299999999998,-9.999999999999929,1.2,-11.199999999999928,LOSS,16,100.0,10
GUNUSDT,LONG,2025-12-16 00:15:00+00:00,2025-12-16 00:18:00+00:00,0.02068,0.0204732,-10.000000000000002,1.2,-11.200000000000001,LOSS,1,100.0,10
GUNUSDT,LONG,2025-12-16 00:24:00+00:00,2025-12-16 00:30:00+00:00,0.02054,0.020334599999999998,-10.00000000000007,1.2,-11.200000000000069,LOSS,2,100.0,10
GUNUSDT,LONG,2025-12-16 02:27:00+00:00,2025-12-16 02:33:00+00:00,0.02174,0.0215226,-9.999999999999979,1.2,-11.199999999999978,LOSS,2,100.0,10
GUNUSDT,LONG,2025-12-16 02:30:00+00:00,2025-12-16 02:33:00+00:00,0.02172,0.0215028,-10.000000000000034,1.2,-11.200000000000033,LOSS,1,100.0,10
GUNUSDT,LONG,2025-12-16 02:33:00+00:00,2025-12-16 02:48:00+00:00,0.02144,0.0212256,-10.0,1.2,-11.2,LOSS,5,100.0,10
GUNUSDT,LONG,2025-12-16 02:36:00+00:00,2025-12-16 02:45:00+00:00,0.02159,0.0213741,-10.00000000000007,1.2,-11.200000000000069,LOSS,3,100.0,10
GUNUSDT,LONG,2025-12-16 02:39:00+00:00,2025-12-16 02:48:00+00:00,0.02147,0.021255299999999998,-10.00000000000008,1.2,-11.20000000000008,LOSS,3,100.0,10
GUNUSDT,LONG,2025-12-16 03:12:00+00:00,2025-12-16 03:24:00+00:00,0.02174,0.022174799999999998,19.999999999999957,1.2,18.799999999999958,WIN,4,100.0,10
GUNUSDT,LONG,2025-12-16 03:15:00+00:00,2025-12-16 03:48:00+00:00,0.02179,0.0215721,-10.000000000000002,1.2,-11.200000000000001,LOSS,11,100.0,10
GUNUSDT,LONG,2025-12-16 03:18:00+00:00,2025-12-16 03:33:00+00:00,0.022,0.021779999999999997,-10.000000000000068,1.2,-11.200000000000067,LOSS,5,100.0,10
GUNUSDT,LONG,2025-12-16 03:42:00+00:00,2025-12-16 03:48:00+00:00,0.02187,0.021651300000000002,-9.999999999999943,1.2,-11.199999999999942,LOSS,2,100.0,10
GUNUSDT,LONG,2025-12-16 04:27:00+00:00,2025-12-16 04:30:00+00:00,0.02033,0.0201267,-10.0,1.2,-11.2,LOSS,1,100.0,10
GUNUSDT,LONG,2025-12-16 04:36:00+00:00,2025-12-16 04:42:00+00:00,0.02028,0.0200772,-9.999999999999975,1.2,-11.199999999999974,LOSS,2,100.0,10
GUNUSDT,SHORT,2025-12-16 05:57:00+00:00,2025-12-16 06:33:00+00:00,0.01913,0.0187474,20.000000000000014,1.2,18.800000000000015,WIN,12,100.0,10
GUNUSDT,LONG,2025-12-16 06:39:00+00:00,2025-12-16 06:54:00+00:00,0.01862,0.0184338,-10.000000000000052,1.2,-11.20000000000005,LOSS,5,100.0,10
GUNUSDT,LONG,2025-12-16 06:42:00+00:00,2025-12-16 06:54:00+00:00,0.01859,0.0184041,-9.999999999999961,1.2,-11.19999999999996,LOSS,4,100.0,10
GUNUSDT,LONG,2025-12-16 06:45:00+00:00,2025-12-16 06:48:00+00:00,0.01867,0.018483299999999998,-10.000000000000078,1.2,-11.200000000000077,LOSS,1,100.0,10
GUNUSDT,LONG,2025-12-16 06:51:00+00:00,2025-12-16 06:54:00+00:00,0.01856,0.0183744,-10.000000000000055,1.2,-11.200000000000054,LOSS,1,100.0,10
GUNUSDT,LONG,2025-12-16 09:54:00+00:00,2025-12-16 09:57:00+00:00,0.01692,0.0167508,-10.000000000000075,1.2,-11.200000000000074,LOSS,1,100.0,10
GUNUSDT,LONG,2025-12-16 09:57:00+00:00,2025-12-16 10:03:00+00:00,0.01678,0.0166122,-9.99999999999995,1.2,-11.19999999999995,LOSS,2,100.0,10
GUNUSDT,LONG,2025-12-16 11:33:00+00:00,2025-12-16 11:39:00+00:00,0.01686,0.0166914,-10.000000000000082,1.2,-11.200000000000081,LOSS,2,100.0,10
GUNUSDT,LONG,2025-12-16 11:36:00+00:00,2025-12-16 11:45:00+00:00,0.01678,0.0166122,-9.99999999999995,1.2,-11.19999999999995,LOSS,3,100.0,10
GUNUSDT,LONG,2025-12-16 15:03:00+00:00,2025-12-16 15:45:00+00:00,0.01601,0.0163302,19.99999999999998,1.2,18.79999999999998,WIN,14,100.0,10
GUNUSDT,LONG,2025-12-16 15:15:00+00:00,2025-12-16 15:27:00+00:00,0.01623,0.0160677,-10.000000000000037,1.2,-11.200000000000037,LOSS,4,100.0,10
GUNUSDT,LONG,2025-12-16 15:18:00+00:00,2025-12-16 15:24:00+00:00,0.01626,0.0160974,-9.999999999999929,1.2,-11.199999999999928,LOSS,2,100.0,10
GUNUSDT,LONG,2025-12-16 15:21:00+00:00,2025-12-16 15:48:00+00:00,0.01616,0.0164832,19.99999999999995,1.2,18.79999999999995,WIN,9,100.0,10
GUNUSDT,LONG,2025-12-16 15:24:00+00:00,2025-12-16 15:48:00+00:00,0.01611,0.0164322,20.000000000000107,1.2,18.800000000000107,WIN,8,100.0,10
GUNUSDT,LONG,2025-12-16 15:27:00+00:00,2025-12-16 15:36:00+00:00,0.01619,0.0160281,-9.999999999999972,1.2,-11.19999999999997,LOSS,3,100.0,10
GUNUSDT,LONG,2025-12-16 15:30:00+00:00,2025-12-16 15:36:00+00:00,0.01617,0.0160083,-10.000000000000044,1.2,-11.200000000000044,LOSS,2,100.0,10
GUNUSDT,LONG,2025-12-16 15:33:00+00:00,2025-12-16 15:48:00+00:00,0.01613,0.016452599999999998,19.999999999999957,1.2,18.799999999999958,WIN,5,100.0,10
GUNUSDT,LONG,2025-12-16 15:36:00+00:00,2025-12-16 15:45:00+00:00,0.01602,0.0163404,20.00000000000012,1.2,18.80000000000012,WIN,3,100.0,10
GUNUSDT,LONG,2025-12-16 15:39:00+00:00,2025-12-16 15:48:00+00:00,0.01608,0.016401600000000002,20.000000000000107,1.2,18.800000000000107,WIN,3,100.0,10
GUNUSDT,LONG,2025-12-16 15:42:00+00:00,2025-12-16 15:48:00+00:00,0.01618,0.0165036,20.000000000000018,1.2,18.80000000000002,WIN,2,100.0,10
GUNUSDT,LONG,2025-12-16 15:45:00+00:00,2025-12-16 15:51:00+00:00,0.01627,0.0165954,20.0,1.2,18.8,WIN,2,100.0,10
GUNUSDT,LONG,2025-12-16 15:48:00+00:00,2025-12-16 16:09:00+00:00,0.01649,0.016325100000000002,-9.999999999999943,1.2,-11.199999999999942,LOSS,7,100.0,10
GUNUSDT,LONG,2025-12-16 15:57:00+00:00,2025-12-16 16:03:00+00:00,0.01656,0.016394399999999996,-10.000000000000114,1.2,-11.200000000000113,LOSS,2,100.0,10
GUNUSDT,LONG,2025-12-16 16:00:00+00:00,2025-12-16 16:09:00+00:00,0.01646,0.016295399999999998,-10.000000000000053,1.2,-11.200000000000053,LOSS,3,100.0,10
GUNUSDT,LONG,2025-12-16 16:03:00+00:00,2025-12-16 16:12:00+00:00,0.0164,0.016236,-10.000000000000057,1.2,-11.200000000000056,LOSS,3,100.0,10
GUNUSDT,LONG,2025-12-16 16:06:00+00:00,2025-12-16 16:12:00+00:00,0.01637,0.0162063,-9.999999999999956,1.2,-11.199999999999955,LOSS,2,100.0,10
GUNUSDT,LONG,2025-12-16 16:09:00+00:00,2025-12-16 16:12:00+00:00,0.01624,0.0160776,-10.000000000000002,1.2,-11.200000000000001,LOSS,1,100.0,10
GUNUSDT,LONG,2025-12-16 16:12:00+00:00,2025-12-16 17:27:00+00:00,0.01606,0.0158994,-10.00000000000002,1.2,-11.200000000000019,LOSS,25,100.0,10
GUNUSDT,LONG,2025-12-16 17:03:00+00:00,2025-12-16 17:21:00+00:00,0.01611,0.0159489,-10.000000000000053,1.2,-11.200000000000053,LOSS,6,100.0,10
GUNUSDT,SHORT,2025-12-16 17:54:00+00:00,2025-12-17 00:12:00+00:00,0.01595,0.015631,19.999999999999993,1.2,18.799999999999994,WIN,126,100.0,10
GUNUSDT,SHORT,2025-12-16 17:57:00+00:00,2025-12-16 18:51:00+00:00,0.0159,0.016059,-9.999999999999963,1.2,-11.199999999999962,LOSS,18,100.0,10
GUNUSDT,LONG,2025-12-16 18:54:00+00:00,2025-12-16 19:06:00+00:00,0.01597,0.015810300000000003,-9.99999999999992,1.2,-11.19999999999992,LOSS,4,100.0,10
GUNUSDT,LONG,2025-12-16 19:48:00+00:00,2025-12-16 20:12:00+00:00,0.01594,0.0157806,-10.000000000000034,1.2,-11.200000000000033,LOSS,8,100.0,10
GUNUSDT,LONG,2025-12-16 19:51:00+00:00,2025-12-16 20:12:00+00:00,0.01594,0.0157806,-10.000000000000034,1.2,-11.200000000000033,LOSS,7,100.0,10
GUNUSDT,LONG,2025-12-16 19:54:00+00:00,2025-12-16 21:03:00+00:00,0.01589,0.0157311,-10.0,1.2,-11.2,LOSS,23,100.0,10
GUNUSDT,LONG,2025-12-16 20:39:00+00:00,2025-12-16 20:48:00+00:00,0.01599,0.0158301,-10.000000000000062,1.2,-11.200000000000061,LOSS,3,100.0,10
GUNUSDT,LONG,2025-12-16 20:42:00+00:00,2025-12-16 20:51:00+00:00,0.01594,0.0157806,-10.000000000000034,1.2,-11.200000000000033,LOSS,3,100.0,10
GUNUSDT,LONG,2025-12-16 20:45:00+00:00,2025-12-16 21:03:00+00:00,0.0159,0.015741,-9.999999999999963,1.2,-11.199999999999962,LOSS,6,100.0,10
GUNUSDT,SHORT,2025-12-16 21:15:00+00:00,2025-12-16 21:36:00+00:00,0.01586,0.0160186,-10.000000000000114,1.2,-11.200000000000113,LOSS,7,100.0,10
GUNUSDT,LONG,2025-12-16 21:27:00+00:00,2025-12-16 22:12:00+00:00,0.01593,0.0157707,-10.00000000000007,1.2,-11.200000000000069,LOSS,15,100.0,10
GUNUSDT,LONG,2025-12-16 21:30:00+00:00,2025-12-16 22:12:00+00:00,0.01597,0.015810300000000003,-9.99999999999992,1.2,-11.19999999999992,LOSS,14,100.0,10
GUNUSDT,LONG,2025-12-16 21:33:00+00:00,2025-12-16 22:12:00+00:00,0.01601,0.0158499,-9.99999999999999,1.2,-11.199999999999989,LOSS,13,100.0,10
GUNUSDT,LONG,2025-12-16 21:36:00+00:00,2025-12-16 22:03:00+00:00,0.01605,0.015889499999999997,-10.00000000000006,1.2,-11.20000000000006,LOSS,9,100.0,10
GUNUSDT,LONG,2025-12-16 21:39:00+00:00,2025-12-16 22:03:00+00:00,0.01602,0.0158598,-9.99999999999995,1.2,-11.19999999999995,LOSS,8,100.0,10
GUNUSDT,LONG,2025-12-16 21:42:00+00:00,2025-12-16 22:12:00+00:00,0.01594,0.0157806,-10.000000000000034,1.2,-11.200000000000033,LOSS,10,100.0,10
GUNUSDT,LONG,2025-12-16 21:45:00+00:00,2025-12-16 22:12:00+00:00,0.01598,0.0158202,-10.0000000000001,1.2,-11.200000000000099,LOSS,9,100.0,10
GUNUSDT,LONG,2025-12-16 21:48:00+00:00,2025-12-16 22:12:00+00:00,0.01595,0.0157905,-9.999999999999996,1.2,-11.199999999999996,LOSS,8,100.0,10
GUNUSDT,LONG,2025-12-16 21:51:00+00:00,2025-12-16 22:12:00+00:00,0.01597,0.015810300000000003,-9.99999999999992,1.2,-11.19999999999992,LOSS,7,100.0,10
GUNUSDT,LONG,2025-12-16 21:54:00+00:00,2025-12-16 22:12:00+00:00,0.01594,0.0157806,-10.000000000000034,1.2,-11.200000000000033,LOSS,6,100.0,10
GUNUSDT,LONG,2025-12-16 21:57:00+00:00,2025-12-17 00:09:00+00:00,0.01591,0.0157509,-9.999999999999925,1.2,-11.199999999999925,LOSS,44,100.0,10
GUNUSDT,SHORT,2025-12-16 22:03:00+00:00,2025-12-16 22:36:00+00:00,0.01585,0.0160085,-9.999999999999932,1.2,-11.199999999999932,LOSS,11,100.0,10
GUNUSDT,LONG,2025-12-16 22:36:00+00:00,2025-12-16 22:57:00+00:00,0.01601,0.0158499,-9.99999999999999,1.2,-11.199999999999989,LOSS,7,100.0,10
GUNUSDT,LONG,2025-12-16 22:39:00+00:00,2025-12-16 22:54:00+00:00,0.01603,0.0158697,-9.999999999999915,1.2,-11.199999999999914,LOSS,5,100.0,10
GUNUSDT,LONG,2025-12-16 22:42:00+00:00,2025-12-16 23:00:00+00:00,0.01597,0.015810300000000003,-9.99999999999992,1.2,-11.19999999999992,LOSS,6,100.0,10
GUNUSDT,LONG,2025-12-17 04:36:00+00:00,2025-12-17 04:39:00+00:00,0.01467,0.014523300000000001,-9.999999999999972,1.2,-11.19999999999997,LOSS,1,100.0,10
FORMUSDT,SHORT,2025-12-15 05:30:00+00:00,2025-12-15 05:36:00+00:00,0.3421,0.345521,-10.00000000000002,1.2,-11.200000000000019,LOSS,2,100.0,10
FORMUSDT,SHORT,2025-12-15 07:18:00+00:00,2025-12-15 10:03:00+00:00,0.3401,0.333298,20.00000000000009,1.2,18.80000000000009,WIN,55,100.0,10
FORMUSDT,SHORT,2025-12-15 07:24:00+00:00,2025-12-15 10:03:00+00:00,0.3418,0.334964,20.00000000000003,1.2,18.80000000000003,WIN,53,100.0,10
FORMUSDT,SHORT,2025-12-15 07:45:00+00:00,2025-12-15 10:03:00+00:00,0.3413,0.334474,19.999999999999996,1.2,18.799999999999997,WIN,46,100.0,10
FORMUSDT,SHORT,2025-12-15 07:54:00+00:00,2025-12-15 08:33:00+00:00,0.3393,0.34269299999999997,-9.99999999999994,1.2,-11.199999999999939,LOSS,13,100.0,10
FORMUSDT,SHORT,2025-12-15 08:51:00+00:00,2025-12-15 10:03:00+00:00,0.3387,0.331926,20.000000000000007,1.2,18.800000000000008,WIN,24,100.0,10
FORMUSDT,SHORT,2025-12-15 09:09:00+00:00,2025-12-15 10:03:00+00:00,0.3383,0.331534,19.999999999999982,1.2,18.799999999999983,WIN,18,100.0,10
FORMUSDT,SHORT,2025-12-15 09:21:00+00:00,2025-12-15 10:03:00+00:00,0.3369,0.33016199999999996,20.000000000000068,1.2,18.800000000000068,WIN,14,100.0,10
FORMUSDT,SHORT,2025-12-15 09:30:00+00:00,2025-12-15 10:03:00+00:00,0.3377,0.330946,19.99999999999995,1.2,18.79999999999995,WIN,11,100.0,10
FORMUSDT,SHORT,2025-12-15 09:42:00+00:00,2025-12-15 10:03:00+00:00,0.3379,0.331142,19.99999999999996,1.2,18.79999999999996,WIN,7,100.0,10
FORMUSDT,SHORT,2025-12-15 09:51:00+00:00,2025-12-15 10:03:00+00:00,0.3389,0.332122,20.00000000000002,1.2,18.800000000000022,WIN,4,100.0,10
FORMUSDT,SHORT,2025-12-15 13:48:00+00:00,2025-12-15 14:48:00+00:00,0.3145,0.30821,20.000000000000057,1.2,18.800000000000058,WIN,20,100.0,10
FORMUSDT,SHORT,2025-12-15 14:12:00+00:00,2025-12-15 14:54:00+00:00,0.3131,0.306838,19.999999999999968,1.2,18.79999999999997,WIN,14,100.0,10
FORMUSDT,SHORT,2025-12-15 14:15:00+00:00,2025-12-15 14:48:00+00:00,0.3145,0.30821,20.000000000000057,1.2,18.800000000000058,WIN,11,100.0,10
FORMUSDT,SHORT,2025-12-15 15:30:00+00:00,2025-12-15 15:42:00+00:00,0.3099,0.312999,-10.00000000000006,1.2,-11.20000000000006,LOSS,4,100.0,10
FORMUSDT,SHORT,2025-12-15 15:33:00+00:00,2025-12-15 15:42:00+00:00,0.3091,0.312191,-10.000000000000036,1.2,-11.200000000000035,LOSS,3,100.0,10
FORMUSDT,SHORT,2025-12-15 15:36:00+00:00,2025-12-15 15:42:00+00:00,0.3099,0.312999,-10.00000000000006,1.2,-11.20000000000006,LOSS,2,100.0,10
FORMUSDT,SHORT,2025-12-15 16:00:00+00:00,2025-12-15 16:27:00+00:00,0.3083,0.311383,-10.000000000000007,1.2,-11.200000000000006,LOSS,9,100.0,10
FORMUSDT,SHORT,2025-12-15 16:06:00+00:00,2025-12-15 16:12:00+00:00,0.3064,0.309464,-10.000000000000036,1.2,-11.200000000000035,LOSS,2,100.0,10
FORMUSDT,SHORT,2025-12-15 20:27:00+00:00,2025-12-16 00:51:00+00:00,0.3007,0.303707,-9.99999999999994,1.2,-11.199999999999939,LOSS,88,100.0,10
FORMUSDT,SHORT,2025-12-15 22:51:00+00:00,2025-12-15 23:00:00+00:00,0.299,0.30199,-9.999999999999975,1.2,-11.199999999999974,LOSS,3,100.0,10
FORMUSDT,SHORT,2025-12-16 02:15:00+00:00,2025-12-16 02:27:00+00:00,0.2988,0.301788,-9.999999999999968,1.2,-11.199999999999967,LOSS,4,100.0,10
FORMUSDT,SHORT,2025-12-16 02:18:00+00:00,2025-12-16 02:27:00+00:00,0.2995,0.302495,-10.000000000000085,1.2,-11.200000000000085,LOSS,3,100.0,10
FORMUSDT,SHORT,2025-12-16 02:21:00+00:00,2025-12-16 02:39:00+00:00,0.3004,0.303404,-10.000000000000021,1.2,-11.20000000000002,LOSS,6,100.0,10
FORMUSDT,SHORT,2025-12-16 10:48:00+00:00,2025-12-16 11:03:00+00:00,0.3516,0.35511600000000004,-10.000000000000053,1.2,-11.200000000000053,LOSS,5,100.0,10
FORMUSDT,SHORT,2025-12-16 10:51:00+00:00,2025-12-16 11:03:00+00:00,0.3524,0.355924,-10.000000000000075,1.2,-11.200000000000074,LOSS,4,100.0,10
FORMUSDT,SHORT,2025-12-16 10:54:00+00:00,2025-12-16 11:03:00+00:00,0.3519,0.355419,-9.999999999999984,1.2,-11.199999999999983,LOSS,3,100.0,10
FORMUSDT,LONG,2025-12-16 16:54:00+00:00,2025-12-16 17:00:00+00:00,0.4018,0.39778199999999997,-10.000000000000053,1.2,-11.200000000000053,LOSS,2,100.0,10
FORMUSDT,SHORT,2025-12-16 17:36:00+00:00,2025-12-16 18:00:00+00:00,0.3983,0.39033399999999996,20.00000000000007,1.2,18.80000000000007,WIN,8,100.0,10
FORMUSDT,LONG,2025-12-16 22:12:00+00:00,2025-12-16 22:30:00+00:00,0.4264,0.434928,19.99999999999995,1.2,18.79999999999995,WIN,6,100.0,10
FORMUSDT,SHORT,2025-12-17 03:03:00+00:00,2025-12-17 03:30:00+00:00,0.4347,0.426006,19.999999999999957,1.2,18.799999999999958,WIN,9,100.0,10
FORMUSDT,SHORT,2025-12-17 04:54:00+00:00,2025-12-17 05:00:00+00:00,0.4189,0.423089,-9.999999999999996,1.2,-11.199999999999996,LOSS,2,100.0,10
RLSUSDT,LONG,2025-12-15 05:36:00+00:00,2025-12-15 06:18:00+00:00,0.014576,0.01486752,19.999999999999996,1.2,18.799999999999997,WIN,14,100.0,10
RLSUSDT,LONG,2025-12-15 05:42:00+00:00,2025-12-15 06:33:00+00:00,0.014612,0.014904240000000001,20.000000000000064,1.2,18.800000000000065,WIN,17,100.0,10
RLSUSDT,LONG,2025-12-15 06:54:00+00:00,2025-12-15 07:06:00+00:00,0.014818,0.01466982,-9.999999999999966,1.2,-11.199999999999966,LOSS,4,100.0,10
RLSUSDT,SHORT,2025-12-15 13:00:00+00:00,2025-12-15 13:12:00+00:00,0.015656,0.01581256,-10.000000000000002,1.2,-11.200000000000001,LOSS,4,100.0,10
RLSUSDT,SHORT,2025-12-15 13:03:00+00:00,2025-12-15 13:06:00+00:00,0.015584,0.01573984,-10.000000000000053,1.2,-11.200000000000053,LOSS,1,100.0,10
RLSUSDT,SHORT,2025-12-15 15:27:00+00:00,2025-12-15 15:36:00+00:00,0.015906,0.01606506,-9.999999999999941,1.2,-11.19999999999994,LOSS,3,100.0,10
RLSUSDT,SHORT,2025-12-15 15:30:00+00:00,2025-12-15 15:36:00+00:00,0.015866,0.016024660000000003,-10.00000000000009,1.2,-11.20000000000009,LOSS,2,100.0,10
RLSUSDT,SHORT,2025-12-15 17:51:00+00:00,2025-12-15 18:12:00+00:00,0.015816,0.01549968,20.000000000000007,1.2,18.800000000000008,WIN,7,100.0,10
RLSUSDT,SHORT,2025-12-15 17:54:00+00:00,2025-12-15 18:12:00+00:00,0.015874,0.015556519999999999,20.000000000000014,1.2,18.800000000000015,WIN,6,100.0,10
RLSUSDT,SHORT,2025-12-15 17:57:00+00:00,2025-12-15 18:18:00+00:00,0.015766,0.015450679999999998,20.000000000000057,1.2,18.800000000000058,WIN,7,100.0,10
RLSUSDT,LONG,2025-12-15 20:03:00+00:00,2025-12-15 20:18:00+00:00,0.015571,0.01541529,-9.999999999999991,1.2,-11.19999999999999,LOSS,5,100.0,10
RLSUSDT,SHORT,2025-12-15 21:54:00+00:00,2025-12-15 22:00:00+00:00,0.015106,0.01480388,19.999999999999968,1.2,18.79999999999997,WIN,2,100.0,10
RLSUSDT,SHORT,2025-12-15 22:21:00+00:00,2025-12-15 22:36:00+00:00,0.015,0.01515,-10.000000000000055,1.2,-11.200000000000054,LOSS,5,100.0,10
RLSUSDT,LONG,2025-12-16 00:12:00+00:00,2025-12-16 03:18:00+00:00,0.016132,0.01597068,-9.999999999999972,1.2,-11.19999999999997,LOSS,62,100.0,10
RLSUSDT,LONG,2025-12-16 00:42:00+00:00,2025-12-16 03:15:00+00:00,0.016229,0.01606671,-9.999999999999936,1.2,-11.199999999999935,LOSS,51,100.0,10
RLSUSDT,LONG,2025-12-16 00:45:00+00:00,2025-12-16 03:15:00+00:00,0.016272,0.016109279999999997,-10.0000000000001,1.2,-11.200000000000099,LOSS,50,100.0,10
RLSUSDT,LONG,2025-12-16 01:00:00+00:00,2025-12-16 01:54:00+00:00,0.016312,0.01614888,-9.999999999999954,1.2,-11.199999999999953,LOSS,18,100.0,10
RLSUSDT,SHORT,2025-12-16 04:18:00+00:00,2025-12-16 04:42:00+00:00,0.015961,0.01612061,-10.000000000000062,1.2,-11.200000000000061,LOSS,8,100.0,10
RLSUSDT,SHORT,2025-12-16 04:21:00+00:00,2025-12-16 04:42:00+00:00,0.015943,0.016102429999999997,-9.999999999999913,1.2,-11.199999999999912,LOSS,7,100.0,10
RLSUSDT,SHORT,2025-12-16 07:45:00+00:00,2025-12-16 08:06:00+00:00,0.016286,0.015960279999999997,20.0000000000001,1.2,18.8000000000001,WIN,7,100.0,10
RLSUSDT,SHORT,2025-12-16 07:54:00+00:00,2025-12-16 08:06:00+00:00,0.016331,0.01600438,19.999999999999982,1.2,18.799999999999983,WIN,4,100.0,10
RLSUSDT,SHORT,2025-12-16 07:57:00+00:00,2025-12-16 08:06:00+00:00,0.016307,0.01598086,19.999999999999943,1.2,18.799999999999944,WIN,3,100.0,10
RLSUSDT,SHORT,2025-12-16 08:36:00+00:00,2025-12-16 09:18:00+00:00,0.016168,0.01632968,-10.000000000000053,1.2,-11.200000000000053,LOSS,14,100.0,10
RLSUSDT,SHORT,2025-12-16 13:12:00+00:00,2025-12-16 14:03:00+00:00,0.015979,0.01565942,19.999999999999993,1.2,18.799999999999994,WIN,17,100.0,10
RLSUSDT,SHORT,2025-12-16 13:33:00+00:00,2025-12-16 14:09:00+00:00,0.015937,0.01561826,19.99999999999998,1.2,18.79999999999998,WIN,12,100.0,10
RLSUSDT,SHORT,2025-12-16 13:36:00+00:00,2025-12-16 13:42:00+00:00,0.015878,0.01603678,-10.000000000000044,1.2,-11.200000000000044,LOSS,2,100.0,10
RLSUSDT,SHORT,2025-12-16 13:42:00+00:00,2025-12-16 14:03:00+00:00,0.016009,0.01568882,19.999999999999986,1.2,18.799999999999986,WIN,7,100.0,10
RLSUSDT,SHORT,2025-12-16 19:57:00+00:00,2025-12-16 20:06:00+00:00,0.013105,0.013236050000000001,-10.000000000000046,1.2,-11.200000000000045,LOSS,3,100.0,10
RLSUSDT,SHORT,2025-12-16 20:00:00+00:00,2025-12-16 20:09:00+00:00,0.013119,0.01325019,-9.999999999999984,1.2,-11.199999999999983,LOSS,3,100.0,10
RLSUSDT,SHORT,2025-12-16 23:12:00+00:00,2025-12-16 23:18:00+00:00,0.013445,0.01357945,-9.999999999999963,1.2,-11.199999999999962,LOSS,2,100.0,10
RLSUSDT,LONG,2025-12-17 00:18:00+00:00,2025-12-17 01:00:00+00:00,0.014138,0.01442076,19.999999999999996,1.2,18.799999999999997,WIN,14,100.0,10
RLSUSDT,LONG,2025-12-17 00:27:00+00:00,2025-12-17 01:00:00+00:00,0.014128,0.01441056,19.999999999999957,1.2,18.799999999999958,WIN,11,100.0,10
EPICUSDT,SHORT,2025-12-15 17:24:00+00:00,2025-12-15 18:48:00+00:00,0.4629,0.467529,-9.999999999999988,1.2,-11.199999999999987,LOSS,28,100.0,10
EPICUSDT,SHORT,2025-12-15 20:33:00+00:00,2025-12-15 20:45:00+00:00,0.4772,0.481972,-9.999999999999996,1.2,-11.199999999999996,LOSS,4,100.0,10
EPICUSDT,SHORT,2025-12-15 20:36:00+00:00,2025-12-15 20:45:00+00:00,0.4775,0.482275,-10.00000000000006,1.2,-11.20000000000006,LOSS,3,100.0,10
EPICUSDT,SHORT,2025-12-16 05:30:00+00:00,2025-12-16 06:57:00+00:00,0.4915,0.496415,-10.000000000000004,1.2,-11.200000000000003,LOSS,29,100.0,10
EPICUSDT,SHORT,2025-12-16 05:36:00+00:00,2025-12-16 06:57:00+00:00,0.492,0.49692,-9.99999999999996,1.2,-11.199999999999958,LOSS,27,100.0,10
EPICUSDT,SHORT,2025-12-16 08:24:00+00:00,2025-12-16 10:39:00+00:00,0.487,0.49187,-9.999999999999972,1.2,-11.19999999999997,LOSS,45,100.0,10
EPICUSDT,SHORT,2025-12-16 08:27:00+00:00,2025-12-16 10:42:00+00:00,0.4877,0.49257700000000004,-10.000000000000043,1.2,-11.200000000000042,LOSS,45,100.0,10
EPICUSDT,SHORT,2025-12-16 14:51:00+00:00,2025-12-16 14:57:00+00:00,0.528,0.53328,-9.999999999999908,1.2,-11.199999999999907,LOSS,2,100.0,10
EPICUSDT,LONG,2025-12-16 16:39:00+00:00,2025-12-16 17:30:00+00:00,0.5372,0.547944,19.999999999999957,1.2,18.799999999999958,WIN,17,100.0,10
EPICUSDT,SHORT,2025-12-16 20:51:00+00:00,2025-12-16 21:33:00+00:00,0.5654,0.554092,19.99999999999997,1.2,18.799999999999972,WIN,14,100.0,10
EPICUSDT,SHORT,2025-12-16 20:57:00+00:00,2025-12-16 21:33:00+00:00,0.5638,0.5525239999999999,20.000000000000114,1.2,18.800000000000114,WIN,12,100.0,10
EPICUSDT,SHORT,2025-12-16 22:27:00+00:00,2025-12-17 00:00:00+00:00,0.5511,0.5566110000000001,-10.000000000000078,1.2,-11.200000000000077,LOSS,31,100.0,10
EPICUSDT,SHORT,2025-12-16 22:30:00+00:00,2025-12-16 23:06:00+00:00,0.5468,0.552268,-10.000000000000053,1.2,-11.200000000000053,LOSS,12,100.0,10
EPICUSDT,LONG,2025-12-17 02:33:00+00:00,2025-12-17 03:00:00+00:00,0.5671,0.578442,19.999999999999932,1.2,18.799999999999933,WIN,9,100.0,10
